origin,destination,distance,duration,elevation_change
BT-03,BT-01,0.262218562,3.3,-125.003650904
BT-04,BT-01,0.629448823,6.51666666667,-123.111167431
BT-04,BT-03,0.635662533,5.73333333333,-121.205417871
BT-05,BT-01,0.536864544,5.01666666667,-120.162639618
BT-05,BT-03,0.556127045,3.83333333333,-119.827429771
BT-05,BT-04,0.566690352,4.93333333333,-119.68113327
CBD-13,BT-01,1.129652478,9.16666666667,-119.312934399
CBD-13,BT-03,0.699663746,5.1,-119.284135818
CBD-13,BT-04,0.779820605,6.33333333333,-116.944001198
CBD-13,BT-05,0.373443971,3.21666666667,-116.676278114
CBD-13,CBD-03,0.449872604,4.08333333333,-116.364406586
CBD-13,CBD-07,0.77671375,7.73333333333,-116.029196739
CBD-13,CBD-06,0.343618163,1.86666666667,-115.920258522
CBD-13,CBD-05,0.513252446,3.78333333333,-115.882900238
CBD-13,CBD-04,0.280859692,4.11666666667,-115.764038086
CBD-03,BT-01,1.194275062,9.95,-115.485902786
CBD-03,BT-03,1.199867401,9.3,-114.768085718
CBD-03,BT-04,0.600865757,4.56666666667,-114.335729599
CBD-03,BT-05,0.780441976,8.81666666667,-113.389213562
CBD-07,BT-01,1.48507669,13.3,-113.145768166
CBD-07,BT-03,1.490047658,12.65,-112.878045082
CBD-07,BT-04,1.134623446,10.4333333333,-112.875602245
CBD-07,BT-05,1.070622233,12.1666666667,-112.344543457
CBD-07,CBD-03,0.649954066,7.81666666667,-112.12202549
CBD-07,CBD-06,0.396434698,4.8,-111.965805054
CBD-07,CBD-05,0.344860905,4.08333333333,-111.897186279
CBD-07,CBD-04,0.474106073,5.53333333333,-110.537496567
SLU-16,BT-01,1.177498045,8.91666666667,-109.927074432
SLU-16,BT-03,1.183090384,8.26666666667,-109.870393753
SLU-16,BT-04,0.58408874,3.55,-109.591864586
SLU-16,BT-05,0.763664959,7.8,-109.59098053
SLU-16,CBD-13,0.452358088,3.58333333333,-109.445568085
SLU-16,CBD-03,0.292665741,2.43333333333,-109.048570633
SLU-16,CBD-07,1.229693209,11.3166666667,-108.546310425
SLU-16,CBD-06,0.796597622,5.45,-108.098953247
SLU-16,CH-01,0.567311723,5.83333333333,-108.084392548
SLU-16,CH-02,1.021533924,10.4666666667,-107.659742355
SLU-16,CH-03,0.898502466,8.66666666667,-106.946113586
SLU-16,CH-05,1.287480712,13.1666666667,-106.708436012
SLU-16,CH-06,0.950076259,9.75,-106.440712929
SLU-16,CH-07,0.960639566,11.5666666667,-106.072160721
SLU-16,CH-08,0.677915761,7.71666666667,-105.684693336
SLU-16,CH-09,0.4970968,6.01666666667,-105.5284729
SLU-16,CH-12,0.276510095,3.15,-104.286159515
SLU-16,CH-15,1.337190392,12.4333333333,-104.100164413
SLU-16,DPD-01,1.01283473,6.66666666667,-103.861509323
SLU-16,DPD-03,7.639135074,44.5166666667,-103.579105616
SLU-16,EL-01,1.233421435,8.35,-103.153648376
SLU-16,EL-03,1.797004932,11.8166666667,-103.147880554
SLU-16,EL-05,2.785606193,17.0166666667,-102.108978271
SLU-16,FH-01,0.743781087,8.66666666667,-101.686622143
SLU-16,FH-04,1.146429495,10.5333333333,-101.661621094
SLU-16,ID-04,1.542864193,13.8,-100.343052149
SLU-16,PS-05,1.35458878,11.1166666667,-99.6348285675
SLU-16,PS-04,1.252062565,10.2166666667,-98.7380943298
SLU-16,SLU-01,0.832015769,6.45,-98.455821991
SLU-16,SLU-02,1.449037172,9.46666666667,-98.450568676
SLU-16,SLU-04,1.010970617,7.08333333333,-98.4028844833
SLU-16,SLU-07,0.661138744,4.68333333333,-98.2565879822
SLU-16,SLU-15,0.340511308,2.05,-97.8595905304
SLU-16,CBD-05,0.966231905,7.36666666667,-97.8488273621
SLU-16,CD-01,1.632962988,12.35,-97.4241771698
SLU-16,CBD-04,0.474106073,4.2,-96.7105484009
CBD-06,BT-01,1.331598053,11.0666666667,-96.7058143616
CBD-06,BT-03,1.044524651,7.73333333333,-95.5194559097
CBD-06,BT-04,0.98176618,8.23333333333,-95.502040863
CBD-06,BT-05,0.964367792,7.86666666667,-95.2517328262
CBD-06,CBD-03,0.651818179,5.98333333333,-95.1668310165
CBD-06,CBD-05,0.169634283,1.91666666667,-95.0205345154
CBD-06,CBD-04,0.32311292,4.2,-94.6575889587
CH-01,BT-01,1.744809768,13.4333333333,-94.6235370636
CH-01,BT-03,1.750402107,12.7833333333,-94.4957132339
CH-01,BT-04,1.152021834,8.05,-94.3809814453
CH-01,BT-05,1.330976682,12.3,-94.3394927979
CH-01,CBD-13,1.020291182,8.1,-94.2994043827
CH-01,CBD-03,0.859977464,6.95,-93.753616333
CH-01,CBD-07,1.666517022,14.5333333333,-92.9111843109
CH-01,CBD-06,1.363909345,9.95,-92.9075813293
CH-01,CBD-05,1.533543628,11.8666666667,-92.4069209099
CH-01,CD-01,1.66527428,10.5,-92.2834024429
CH-01,CBD-04,1.041417796,8.71666666667,-92.0156793594
CH-02,BT-01,2.199031969,15.0666666667,-91.9646682739
CH-02,BT-03,2.204624308,14.4166666667,-91.9598276615
CH-02,BT-04,1.606244035,9.68333333333,-91.2596597672
CH-02,BT-05,1.785198883,13.9333333333,-91.1034393311
CH-02,CBD-13,1.474513383,9.73333333333,-90.9199981689
CH-02,CBD-03,1.314199665,8.58333333333,-90.5827484131
CH-02,CBD-07,1.577660969,13.0,-90.4726409912
CH-02,CBD-06,1.818131546,11.6,-90.464263916
CH-02,CH-01,0.376550826,2.96666666667,-90.0673441887
CH-02,CBD-05,1.987765829,13.5166666667,-89.9553833008
CH-02,CD-01,1.582010566,8.83333333333,-89.6880912781
CH-02,CBD-04,1.509310159,10.0,-89.6751308441
CH-03,BT-01,2.045553332,15.2833333333,-89.4583930969
CH-03,BT-03,2.051145671,14.6333333333,-89.228672266
CH-03,BT-04,1.452144027,9.91666666667,-89.1231832504
CH-03,BT-05,1.631098875,14.15,-88.8136482239
CH-03,CBD-13,1.320413375,9.95,-88.7286148071
CH-03,CBD-03,1.160099657,8.8,-88.445848465
CH-03,CBD-07,1.861006145,15.7666666667,-88.3812828064
CH-03,CBD-06,1.664031538,11.8166666667,-88.2202568054
CH-03,CH-01,0.331190743,3.13333333333,-87.6839447021
CH-03,CH-02,0.283345176,2.76666666667,-87.3361887932
CH-03,CBD-05,1.833665821,13.7333333333,-87.2365875244
CH-03,CD-01,1.886482356,11.7,-87.1188163757
CH-03,CBD-04,1.341539989,10.5666666667,-86.7836065292
CH-05,BT-01,2.465600128,15.6666666667,-86.6660308838
CH-05,BT-03,2.470571096,15.0166666667,-86.6598472595
CH-05,BT-04,1.872190823,10.2833333333,-86.6373100281
CH-05,BT-05,2.051145671,14.5333333333,-86.470249176
CH-05,CBD-13,1.740460171,10.3333333333,-86.2403125763
CH-05,CBD-03,1.580146453,9.18333333333,-86.2397546768
CH-05,CBD-07,1.843607757,13.7666666667,-86.2351970673
CH-05,CBD-06,2.084078334,12.1833333333,-85.9720315933
CH-05,CH-01,0.741916974,5.26666666667,-85.8898582458
CH-05,CH-02,0.485912122,2.73333333333,-85.5215682983
CH-05,CH-03,0.797840364,3.93333333333,-85.216012001
CH-05,CBD-05,2.253712617,14.1,-85.2097949982
CH-05,CD-01,1.474513383,6.8,-85.0154151917
CH-05,CBD-04,1.761586785,10.9333333333,-84.5830497742
CH-06,BT-01,2.127574304,14.25,-84.3876609802
CH-06,BT-03,2.132545272,13.6,-84.1454162598
CH-06,BT-04,1.534164999,8.86666666667,-84.0524511337
CH-06,BT-05,1.713119847,13.1166666667,-83.9061546326
CH-06,CBD-13,1.402434347,8.91666666667,-83.9001779556
CH-06,CBD-03,1.242120629,7.76666666667,-83.6324548721
CH-06,CBD-07,1.506203304,12.35,-83.631483078
CH-06,CBD-06,1.74605251,10.7666666667,-83.5180511475
CH-06,CH-01,0.878618594,5.01666666667,-83.5091571808
CH-06,CH-02,0.445523007,2.88333333333,-83.4237937927
CH-06,CH-03,0.749994797,4.1,-82.9991436005
CH-06,CH-05,0.369715745,3.61666666667,-82.8764352798
CH-06,CBD-05,1.915686793,12.6833333333,-82.7202148438
CH-06,CD-01,1.136487559,5.41666666667,-82.684967041
CH-06,CBD-04,1.444687575,9.55,-82.3064768314
CH-07,BT-01,2.138758982,14.8833333333,-82.2855148315
CH-07,BT-03,2.14372995,14.2333333333,-81.640296936
CH-07,BT-04,1.545349677,9.5,-81.2959747314
CH-07,BT-05,1.724304525,13.75,-81.2919063568
CH-07,CBD-13,1.413619025,9.55,-81.2446558475
CH-07,CBD-03,1.253305307,8.4,-81.1929397583
CH-07,CBD-07,1.516766611,12.9833333333,-81.1690225601
CH-07,CBD-06,1.757237188,11.4,-80.9012994766
CH-07,CH-01,0.889803272,5.65,-80.4139933586
CH-07,CH-02,0.908444402,5.45,-80.3453903198
CH-07,CH-03,1.220372644,6.65,-80.2286987305
CH-07,CH-05,0.42253228,2.71666666667,-80.1452798843
CH-07,CH-06,0.464785508,3.1,-79.9890594482
CH-07,CBD-05,1.926871471,13.3166666667,-79.5466270447
CH-07,CD-01,1.147672237,6.01666666667,-79.4525260925
CH-07,CBD-04,1.434745639,10.1666666667,-79.3521723747
CH-08,BT-01,1.855413806,13.5,-79.3007202148
CH-08,BT-03,1.861006145,12.85,-79.1661472321
CH-08,BT-04,1.262004501,8.11666666667,-78.9671671391
CH-08,BT-05,1.440959349,12.3666666667,-78.8533630371
CH-08,CBD-13,1.130273849,8.15,-78.5780830383
CH-08,CBD-03,0.969960131,7.01666666667,-78.5607509613
CH-08,CBD-07,1.234042806,11.6,-78.1457176208
CH-08,CBD-06,1.473892012,10.0166666667,-77.6142349243
CH-08,CH-01,0.606458096,4.26666666667,-77.4977416992
CH-08,CH-02,0.591545192,3.88333333333,-77.4654655457
CH-08,CH-03,0.897259724,5.13333333333,-77.1302556992
CH-08,CH-05,0.64001213,6.48333333333,-77.0746836662
CH-08,CH-06,0.271539127,2.5,-77.0312767029
CH-08,CH-07,0.313170984,4.88333333333,-76.9554958344
CH-08,CBD-05,1.643526295,11.9333333333,-76.8265705109
CH-08,CD-01,0.984873035,5.65,-76.5695648193
CH-08,CBD-04,1.152021834,8.76666666667,-76.4036445618
CH-09,BT-01,1.674594845,12.05,-76.1222076416
CH-09,BT-03,1.680187184,11.4,-76.0684347153
CH-09,BT-04,1.081806911,6.66666666667,-75.9221382141
CH-09,BT-05,1.260761759,10.9166666667,-75.7483940125
CH-09,CBD-13,0.950076259,6.71666666667,-75.5251407623
CH-09,CBD-03,0.789762541,5.56666666667,-75.2812690735
CH-09,CBD-07,1.176876674,11.1,-75.0405693054
CH-09,CBD-06,1.293694422,8.56666666667,-74.6159191132
CH-09,CH-01,0.361016551,2.13333333333,-74.2468271255
CH-09,CH-02,0.525058495,4.25,-74.1261558533
CH-09,CH-03,0.686614955,4.81666666667,-74.0954151154
CH-09,CH-05,0.828908914,8.28333333333,-73.9791040421
CH-09,CH-06,0.49088309,4.85,-73.9022903442
CH-09,CH-07,0.502067768,6.68333333333,-73.7952232361
CH-09,CH-08,0.218722592,2.83333333333,-73.7909460068
CH-09,CBD-05,1.463328705,10.4833333333,-73.6446495056
CH-09,CD-01,1.173769819,7.45,-73.2476520538
CH-09,CBD-04,0.971202873,7.31666666667,-73.2230844498
CH-12,BT-01,1.45400814,10.8,-73.1850061417
CH-12,BT-03,1.459600479,10.15,-72.9564361572
CH-12,BT-04,0.860598835,5.41666666667,-72.9172830582
CH-12,BT-05,1.039553683,9.66666666667,-72.3290710449
CH-12,CBD-13,0.728868183,5.46666666667,-72.3094139099
CH-12,CBD-03,0.568554465,4.31666666667,-72.1612634659
CH-12,CBD-07,1.505581933,13.2,-72.0452156067
CH-12,CBD-06,1.072486346,7.31666666667,-72.0050430298
CH-12,CH-01,0.289558886,2.71666666667,-71.8847637177
CH-12,CH-02,0.777956492,8.05,-71.6385555267
CH-12,CH-03,0.607700838,4.86666666667,-71.6252632141
CH-12,CH-05,1.04390328,10.75,-71.1711349487
CH-12,CH-06,0.705877456,7.31666666667,-71.0604095459
CH-12,CH-07,0.717062134,9.15,-70.9075174332
CH-12,CH-08,0.433716958,5.3,-70.6920394897
CH-12,CH-09,0.253519368,3.58333333333,-70.6397943497
CH-12,CBD-05,1.242120629,9.23333333333,-70.5767345428
CH-12,CD-01,1.388764185,9.91666666667,-69.8837747574
CH-12,CBD-04,0.750616168,6.06666666667,-69.7275543213
CH-15,BT-01,2.514688437,16.0666666667,-69.7203826904
CH-15,BT-03,2.519659405,15.4166666667,-69.6473693848
CH-15,BT-04,1.921279132,10.6833333333,-69.6302185059
CH-15,BT-05,2.10023398,14.9333333333,-69.3110618591
CH-15,CBD-13,1.78954848,10.7333333333,-69.200012207
CH-15,CBD-03,1.629234762,9.58333333333,-69.0930175781
CH-15,CBD-07,1.895802921,14.1,-69.0397186279
CH-15,CBD-06,2.133166643,12.5833333333,-68.5855484009
CH-15,CH-01,0.72700407,4.71666666667,-68.2992458344
CH-15,CH-02,0.358531067,1.63333333333,-68.26354599
CH-15,CH-03,0.471620589,2.2,-68.2256662846
CH-15,CH-05,0.4349597,3.53333333333,-68.1381912231
CH-15,CH-06,0.387114133,1.81666666667,-67.8270301819
CH-15,CH-07,0.85749198,5.88333333333,-67.75157547
CH-15,CH-08,0.65865326,2.78333333333,-67.3891029358
CH-15,CH-09,0.877997223,4.7,-67.3527297974
CH-15,CH-12,1.092991589,5.51666666667,-67.1732196808
CH-15,CBD-05,2.302800926,14.5,-66.9567375183
CH-15,CD-01,1.523601692,7.25,-66.3331828117
CH-15,CBD-04,1.82683074,11.1,-66.3080596924
DPD-01,BT-01,1.132137962,11.2,-66.1113986969
DPD-01,BT-03,1.138351672,10.4166666667,-66.0015678406
DPD-01,BT-04,0.823937946,6.21666666667,-65.8607025146
DPD-01,BT-05,1.182469013,11.3333333333,-65.8036651611
DPD-01,CBD-13,1.19924603,11.0,-65.4119987488
DPD-01,CBD-03,1.13089522,10.25,-65.0274925232
DPD-01,CBD-07,1.97595978,18.7333333333,-64.9625682831
DPD-01,CBD-06,1.542864193,12.85,-64.3253974915
DPD-01,CH-01,1.527951289,15.5,-64.153049469
DPD-01,CH-02,1.98217349,20.1333333333,-63.9007472992
DPD-01,CH-03,1.524223063,15.8166666667,-63.8339099884
DPD-01,CH-05,2.248120278,22.8333333333,-63.7368850708
DPD-01,CH-06,1.910094454,19.4166666667,-63.7206840515
DPD-01,CH-07,1.921279132,21.2333333333,-63.6767349243
DPD-01,CH-08,1.637933956,17.3833333333,-63.6619911194
DPD-01,CH-09,1.457736366,15.6833333333,-63.3846549988
DPD-01,CH-12,1.23652829,12.8,-63.1871185303
DPD-01,CH-15,2.297208587,22.0833333333,-63.0494451523
DPD-01,CBD-05,1.712498476,14.7666666667,-63.049369812
DPD-01,CD-01,2.592981183,22.0,-62.9031486511
DPD-01,CBD-04,1.312956923,12.0166666667,-62.8840103149
DPD-03,BT-01,7.557114102,47.4166666667,-62.6808433533
DPD-03,BT-03,7.906324604,48.9166666667,-62.5061511993
DPD-03,BT-04,7.560220957,45.95,-62.1196405888
DPD-03,BT-05,8.182834699,51.45,-62.047908783
DPD-03,CBD-13,8.387265758,51.9666666667,-61.7474710941
DPD-03,CBD-03,7.867799602,49.9833333333,-61.6232585907
DPD-03,CBD-07,7.00285117,49.9333333333,-61.3896980286
DPD-03,CBD-06,8.730883921,53.8166666667,-61.3371582031
DPD-03,CH-01,5.83467369,40.55,-61.2667658329
DPD-03,CH-02,5.445074073,37.4666666667,-60.9308357239
DPD-03,CH-03,5.556920853,38.2166666667,-60.9096298218
DPD-03,CH-05,5.248099466,37.3166666667,-60.7097930908
DPD-03,CH-06,5.819139415,39.9333333333,-60.2271571159
DPD-03,CH-07,5.54884303,38.7833333333,-60.1660165787
DPD-03,CH-08,5.966404342,39.9,-59.9386520386
DPD-03,CH-09,5.950248696,40.25,-59.8982934952
DPD-03,CH-12,6.203146693,41.45,-59.8714294434
DPD-03,CH-15,5.443831331,38.5333333333,-59.8549876213
DPD-03,DPD-01,7.188019728,40.9666666667,-59.760017395
DPD-03,CBD-05,8.900518204,55.7333333333,-59.3742823601
DPD-03,CD-01,6.955626974,45.35,-59.1422739029
DPD-03,CBD-04,6.93450036,46.9166666667,-59.0857772827
EL-01,BT-01,1.421075477,13.7333333333,-58.9860534668
EL-01,BT-03,1.770285979,15.2333333333,-58.9838447571
EL-01,BT-04,1.310471439,10.6333333333,-58.6060028076
EL-01,BT-05,1.669002506,15.75,-58.1220817566
EL-01,CBD-13,1.685779523,15.4166666667,-58.1094017029
EL-01,CBD-03,1.618050084,14.6666666667,-57.9786376953
EL-01,CBD-07,2.462493273,23.15,-57.6770362854
EL-01,CBD-06,2.029397686,17.2666666667,-57.5577449799
EL-01,CH-01,1.700692427,18.0666666667,-57.4204406738
EL-01,CH-02,1.467056931,18.9166666667,-56.9064598083
EL-01,CH-03,1.206702482,15.6333333333,-56.7779846191
EL-01,CH-05,1.93867752,23.8166666667,-56.6442680359
EL-01,CH-06,2.082835592,21.9833333333,-56.6353759766
EL-01,CH-07,2.09402027,23.8,-56.6112289429
EL-01,CH-08,1.811296465,19.95,-56.5712499619
EL-01,CH-09,1.630477504,18.25,-56.4249534607
EL-01,CH-12,1.409890799,15.3666666667,-56.0279560089
EL-01,CH-15,1.507446046,20.4166666667,-55.7698249817
EL-01,DPD-01,0.486533493,4.41666666667,-55.7586479187
EL-01,DPD-03,6.831974145,38.1166666667,-55.5665588379
EL-01,CBD-05,2.199031969,19.1833333333,-55.3374595642
EL-01,CD-01,2.766343692,24.5833333333,-55.1192016602
EL-01,CBD-04,1.799490416,16.4166666667,-54.8860282898
EL-03,BT-01,2.042446477,16.7666666667,-54.6968269348
EL-03,BT-03,2.391656979,18.2666666667,-54.6892852783
EL-03,BT-04,1.93246381,13.6833333333,-54.0086402893
EL-03,BT-05,2.290994877,18.7833333333,-53.9131126404
EL-03,CBD-13,2.021941234,17.9333333333,-53.6878213882
EL-03,CBD-03,1.952969053,17.2166666667,-53.5013198853
EL-03,CBD-07,2.798654984,25.6666666667,-53.4200983047
EL-03,CBD-06,2.365559397,19.8,-53.3783876896
EL-03,CH-01,1.670245248,17.45,-53.0924091339
EL-03,CH-02,1.600030325,17.6,-53.0386695862
EL-03,CH-03,1.339054505,14.3166666667,-52.9797515869
EL-03,CH-05,2.16858479,20.3166666667,-52.9468193054
EL-03,CH-06,2.201517453,19.7833333333,-52.6640787125
EL-03,CH-07,2.59111707,22.6666666667,-52.6484451294
EL-03,CH-08,2.34878238,19.75,-52.6063041687
EL-03,CH-09,2.23072189,22.1833333333,-52.5078582764
EL-03,CH-12,2.010135185,19.3166666667,-52.4193382263
EL-03,CH-15,1.826209369,18.3833333333,-51.683807373
EL-03,DPD-01,1.108525864,7.45,-51.4859042168
EL-03,DPD-03,4.736711133,30.5666666667,-51.4517192841
EL-03,EL-01,0.622613742,3.36666666667,-51.3064079285
EL-03,CBD-05,2.53519368,21.7166666667,-51.0795497894
EL-03,CD-01,3.366588078,28.5166666667,-51.0564422607
EL-03,CBD-04,2.134409385,18.9833333333,-50.8817577362
EL-05,BT-01,3.301344123,23.6166666667,-50.6693305969
EL-05,BT-03,3.650554625,25.1166666667,-50.6219863892
EL-05,BT-04,3.191361456,20.5166666667,-50.5988445282
EL-05,BT-05,3.549892523,25.6333333333,-50.5917282104
EL-05,CBD-13,3.28083888,24.7833333333,-50.200717926
EL-05,CBD-03,3.211866699,24.0666666667,-50.1681289673
EL-05,CBD-07,4.002250611,31.9333333333,-50.1330337524
EL-05,CBD-06,3.624457043,26.6333333333,-49.9946212769
EL-05,CH-01,2.834073131,22.55,-49.4605331421
EL-05,CH-02,2.444473514,19.4666666667,-49.0883636475
EL-05,CH-03,2.033747283,15.9666666667,-48.8423805237
EL-05,CH-05,2.785606193,22.5666666667,-48.6410064697
EL-05,CH-06,2.818538856,21.9333333333,-48.6076583862
EL-05,CH-07,3.208138473,24.9166666667,-48.3444976807
EL-05,CH-08,2.965803783,21.9,-48.2521514893
EL-05,CH-09,2.949648137,22.25,-47.7670898438
EL-05,CH-12,2.648283202,20.0833333333,-47.7171325684
EL-05,CH-15,2.443230772,20.5333333333,-46.9909172058
EL-05,DPD-01,2.36742351,14.3,-46.9646644592
EL-05,DPD-03,3.433074775,21.15,-46.7052688599
EL-05,EL-01,1.881511388,10.2,-46.6142139435
EL-05,EL-03,1.285616599,7.03333333333,-46.5028038025
EL-05,CBD-05,3.794091326,28.55,-46.1164741516
EL-05,CD-01,3.955026415,27.3666666667,-45.9290962219
EL-05,CBD-04,3.393307031,25.8333333333,-45.6841087341
FH-01,BT-01,1.765936382,13.15,-45.5209960938
FH-01,BT-03,1.771528721,12.5,-45.457023859
FH-01,BT-04,1.169420222,7.78333333333,-45.1978495121
FH-01,BT-05,1.352103296,12.0166666667,-45.0546531677
FH-01,CBD-13,1.040796425,7.78333333333,-44.828212738
FH-01,CBD-03,0.685993584,4.48333333333,-44.6222877502
FH-01,CBD-07,0.486533493,5.16666666667,-44.4277801514
FH-01,CBD-06,0.784170202,6.01666666667,-44.4035625458
FH-01,CH-01,0.940134323,6.68333333333,-43.771648407
FH-01,CH-02,1.166313367,9.5,-43.7076761723
FH-01,CH-03,1.449658543,10.6333333333,-43.6899337769
FH-01,CH-05,1.432260155,12.3666666667,-43.6516075134
FH-01,CH-06,1.094234331,8.93333333333,-43.5645403862
FH-01,CH-07,1.105419009,10.7666666667,-43.3053660393
FH-01,CH-08,0.822073833,6.91666666667,-42.7771644592
FH-01,CH-09,0.746266571,5.51666666667,-42.7104663849
FH-01,CH-12,0.679158503,4.86666666667,-42.6971740723
FH-01,CH-15,1.484455319,11.5666666667,-42.3447990417
FH-01,DPD-01,1.600651696,11.1,-42.3123397827
FH-01,DPD-03,6.581561632,42.4666666667,-41.8151926994
FH-01,EL-01,1.821238401,12.7666666667,-41.6778373718
FH-01,EL-03,2.74645982,19.1333333333,-41.4594650269
FH-01,EL-05,3.436803001,21.1333333333,-40.9875147343
FH-01,CBD-05,0.720168989,6.51666666667,-40.9210166931
FH-01,CD-01,0.871162142,6.31666666667,-40.7192802429
FH-01,CBD-04,0.738188748,4.68333333333,-40.3568382263
FH-04,BT-01,2.324548911,17.4166666667,-40.2808027267
FH-04,BT-03,2.329519879,16.7666666667,-40.0216283798
FH-04,BT-04,1.731139606,12.0333333333,-39.9278297424
FH-04,BT-05,1.910094454,16.2833333333,-39.8753318787
FH-04,CBD-13,1.599408954,12.0833333333,-39.4783344269
FH-04,CBD-03,1.266975469,9.98333333333,-39.1646387577
FH-04,CBD-07,1.565233549,11.5166666667,-39.0950312614
FH-04,CBD-06,1.364530716,11.5166666667,-39.0762863159
FH-04,CH-01,1.075593201,8.18333333333,-38.89894104
FH-04,CH-02,1.095477073,8.4,-38.6807184219
FH-04,CH-03,1.400570234,9.61666666667,-38.5988006592
FH-04,CH-05,0.988601261,8.7,-38.5814399719
FH-04,CH-06,0.650575437,5.51666666667,-38.2234115601
FH-04,CH-07,0.661760115,7.1,-37.9961206913
FH-04,CH-08,0.498960913,4.5,-37.6029968262
FH-04,CH-09,0.687857697,6.03333333333,-37.5369796753
FH-04,CH-12,0.902852063,6.86666666667,-37.3973741531
FH-04,CH-15,1.03768957,8.2,-37.2721552849
FH-04,DPD-01,2.159885596,15.15,-37.1381998062
FH-04,DPD-03,6.036619265,36.6,-36.9756317139
FH-04,EL-01,2.139380353,14.4,-36.8704767227
FH-04,EL-03,2.670031187,18.4166666667,-36.8494529724
FH-04,EL-05,3.360374368,20.4166666667,-36.6223680973
FH-04,FH-01,0.552398819,6.25,-36.1900026798
FH-04,CBD-05,1.971610183,13.3833333333,-36.1465034485
FH-04,CD-01,0.499582284,2.75,-36.1144571304
FH-04,CBD-04,1.319170633,10.1833333333,-36.1036372185
ID-04,BT-01,1.9883872,18.9333333333,-35.9582366943
ID-04,BT-03,1.993358168,18.2833333333,-35.8502845764
ID-04,BT-04,1.637933956,16.0833333333,-35.811293602
ID-04,BT-05,1.829316224,17.0333333333,-35.7876319885
ID-04,CBD-13,1.208566595,13.8166666667,-35.7749786377
ID-04,CBD-03,1.153264576,13.4666666667,-35.6649971008
ID-04,CBD-07,0.50331051,5.63333333333,-35.3534393311
ID-04,CBD-06,0.864327061,9.16666666667,-35.3155596256
ID-04,CH-01,2.261169069,20.1833333333,-35.267999649
ID-04,CH-02,2.281052941,20.4166666667,-35.2594909668
ID-04,CH-03,2.586146102,21.6333333333,-35.1996421814
ID-04,CH-05,2.173555758,20.7166666667,-34.7891025543
ID-04,CH-06,1.836151305,17.5333333333,-34.7298846245
ID-04,CH-07,1.846714612,19.1166666667,-34.5393869877
ID-04,CH-08,1.684536781,16.5,-34.5299282074
ID-04,CH-09,1.873433565,18.05,-34.4703836441
ID-04,CH-12,2.088427931,18.8833333333,-34.3236274719
ID-04,CH-15,2.223265438,20.2166666667,-34.297519207
ID-04,DPD-01,2.27421786,19.5666666667,-34.0560381413
ID-04,DPD-03,7.228408843,49.0333333333,-33.9884176254
ID-04,EL-01,2.458143676,22.5333333333,-33.8425865173
ID-04,EL-03,3.855607055,30.4333333333,-33.8421211243
ID-04,EL-05,4.545950236,32.4166666667,-33.6862792969
ID-04,FH-01,1.340297247,15.3666666667,-33.5834121704
ID-04,FH-04,1.198624659,12.5166666667,-33.51014328
ID-04,CBD-05,0.909687144,7.5,-33.449634552
ID-04,CD-01,0.69593552,8.53333333333,-33.4451236725
ID-04,CBD-04,0.977416583,11.1833333333,-33.4230761528
PS-05,BT-01,1.989629942,18.2,-33.1551094055
PS-05,BT-03,1.70255654,14.8666666667,-33.0438232422
PS-05,BT-04,1.639176698,15.3833333333,-33.0397548676
PS-05,BT-05,1.622399681,15.0166666667,-33.0326385498
PS-05,CBD-13,1.001650052,11.8,-32.9278650284
PS-05,CBD-03,1.309850068,13.1166666667,-32.9101066589
PS-05,CBD-07,0.474106073,5.4,-32.819899559
PS-05,CBD-06,0.658031889,7.15,-32.7979164124
PS-05,CH-01,2.023805347,20.6833333333,-32.6736030579
PS-05,CH-02,2.256819472,22.1833333333,-32.6601419449
PS-05,CH-03,2.539543277,23.3166666667,-32.6469035149
PS-05,CH-05,2.451308595,23.5666666667,-32.5387420654
PS-05,CH-06,2.113282771,20.4,-32.4616088867
PS-05,CH-07,2.124467449,21.9666666667,-32.2766056061
PS-05,CH-08,1.912579938,19.5833333333,-32.1797637939
PS-05,CH-09,1.852928322,19.1666666667,-32.1635546684
PS-05,CH-12,1.733003719,18.0,-32.1173858643
PS-05,CH-15,2.500396904,23.0833333333,-32.0913848877
PS-05,DPD-01,2.275460602,18.8666666667,-32.0356636047
PS-05,DPD-03,8.901760946,56.7166666667,-31.9767456055
PS-05,EL-01,2.496047307,21.4666666667,-31.9041223526
PS-05,EL-03,3.091942096,24.4833333333,-31.7479019165
PS-05,EL-05,4.242099817,31.8666666667,-31.6032981873
PS-05,FH-01,1.355831522,15.45,-31.4789896011
PS-05,FH-04,1.476377496,15.3666666667,-31.2500345707
PS-05,ID-04,0.295772596,2.95,-31.1248016357
PS-05,PS-04,0.266568159,1.6,-31.1049890518
PS-05,CBD-05,0.702770601,5.48333333333,-31.0485687256
PS-05,CD-01,0.973688357,11.3833333333,-30.9783136845
PS-05,CBD-04,0.948212146,10.95,-30.8696060181
PS-04,BT-01,1.778363802,16.8166666667,-30.8372659683
PS-04,BT-03,1.4912904,13.4833333333,-30.704246521
PS-04,BT-04,1.427910558,14.0,-30.6930618286
PS-04,BT-05,1.411133541,13.6166666667,-30.6226694584
PS-04,CBD-13,0.790383912,10.4166666667,-30.5200884342
PS-04,CBD-03,1.098583928,11.7333333333,-30.4974365234
PS-04,CBD-07,0.388356875,4.68333333333,-30.3195934296
PS-04,CBD-06,0.446765749,5.76666666667,-30.1393384933
PS-04,CH-01,1.812539207,19.3,-30.081246376
PS-04,CH-02,2.044931961,20.7833333333,-30.0645923615
PS-04,CH-03,2.328277137,21.9333333333,-30.0167312622
PS-04,CH-05,2.31150012,23.65,-29.9364709854
PS-04,CH-06,1.973474296,20.2333333333,-29.9250259399
PS-04,CH-07,1.984658974,22.05,-29.8401870728
PS-04,CH-08,1.701313798,18.2,-29.6687479019
PS-04,CH-09,1.641662182,17.7833333333,-29.3730773926
PS-04,CH-12,1.521737579,16.6166666667,-29.3575510979
PS-04,CH-15,2.363073913,22.8666666667,-29.24559021
PS-04,DPD-01,2.064194462,17.4833333333,-29.2150268555
PS-04,DPD-03,8.690494806,55.3333333333,-29.0858302116
PS-04,EL-01,2.284781167,20.0833333333,-28.9280891418
PS-04,EL-03,2.880675956,23.1,-28.9127283096
PS-04,EL-05,4.030833677,30.4833333333,-28.879817009
PS-04,FH-01,1.144565382,14.05,-28.7565078735
PS-04,FH-04,1.343404102,14.7166666667,-28.7335205078
PS-04,ID-04,0.454843572,4.86666666667,-28.7301859856
PS-04,CBD-05,0.315656468,3.9,-28.6276049614
PS-04,CD-01,0.840714963,10.7333333333,-28.5627183914
PS-04,CBD-04,0.862462948,10.2333333333,-28.496717453
SLU-01,BT-01,1.432881526,11.9666666667,-28.336523056
SLU-01,BT-03,1.438473865,11.3166666667,-28.3284072876
SLU-01,BT-04,0.803432703,5.88333333333,-28.2978365421
SLU-01,BT-05,1.01904844,10.85,-28.278591156
SLU-01,CBD-13,0.856870609,8.56666666667,-28.2370951176
SLU-01,CBD-03,0.787277057,7.85,-27.9619064331
SLU-01,CBD-07,1.633584359,16.3,-27.8810501099
SLU-01,CBD-06,1.200488772,10.4333333333,-27.866268158
SLU-01,CH-01,0.651196808,10.45,-27.8539409637
SLU-01,CH-02,1.340297247,14.2333333333,-27.550201416
SLU-01,CH-03,1.079942798,10.95,-27.5389070511
SLU-01,CH-05,1.856035177,19.9833333333,-27.3281993866
SLU-01,CH-06,1.518630724,16.55,-27.2559099197
SLU-01,CH-07,1.529194031,18.3833333333,-27.2080841064
SLU-01,CH-08,1.246470226,14.5166666667,-27.1403121948
SLU-01,CH-09,1.065651265,12.8166666667,-27.1090316772
SLU-01,CH-12,0.84506456,9.95,-26.9060134888
SLU-01,CH-15,1.380686362,15.7333333333,-26.5478289127
SLU-01,DPD-01,0.737567377,4.05,-26.505531311
SLU-01,DPD-03,7.320993122,40.9333333333,-26.4797372818
SLU-01,EL-01,0.762422217,3.98333333333,-26.4319114685
SLU-01,EL-03,1.212294821,7.85,-26.4053530693
SLU-01,EL-05,2.169206161,12.8833333333,-26.3816833496
SLU-01,FH-01,1.277538776,15.1833333333,-26.3446116447
SLU-01,FH-04,1.71498396,17.3333333333,-26.232167244
SLU-01,ID-04,1.946755343,18.7833333333,-26.1373023987
SLU-01,PS-05,1.75847993,16.1,-26.0581741333
SLU-01,PS-04,1.655953715,15.2166666667,-25.9963884354
SLU-01,CBD-05,1.370123055,12.35,-25.9544467926
SLU-01,CD-01,2.201517453,19.15,-25.9296379089
SLU-01,CBD-04,0.96933876,9.61666666667,-25.8542575836
SLU-02,BT-01,1.05011699,9.7,-25.8020925522
SLU-02,BT-03,1.399327492,11.2,-25.7286653519
SLU-02,BT-04,1.053223845,8.25,-25.6790771484
SLU-02,BT-05,1.675837587,13.75,-25.655796051
SLU-02,CBD-13,1.428531929,13.0166666667,-25.5887794495
SLU-02,CBD-03,1.36080249,12.2666666667,-25.5574684143
SLU-02,CBD-07,2.205245679,20.75,-25.5220813751
SLU-02,CBD-06,1.772150092,14.8833333333,-25.3438673019
SLU-02,CH-01,1.951726311,18.35,-25.3370132446
SLU-02,CH-02,2.405948512,23.0,-25.2587985992
SLU-02,CH-03,1.879025904,19.2333333333,-25.1975708008
SLU-02,CH-05,2.6718953,25.7,-25.1251029968
SLU-02,CH-06,2.333869476,22.2666666667,-25.0767631531
SLU-02,CH-07,2.345054154,24.1,-25.0079307556
SLU-02,CH-08,2.062330349,20.2333333333,-24.9726457596
SLU-02,CH-09,1.881511388,18.5333333333,-24.8896560669
SLU-02,CH-12,1.660924683,15.6666666667,-24.8164253235
SLU-02,CH-15,2.720983609,24.95,-24.800573349
SLU-02,DPD-01,0.36039518,2.96666666667,-24.6553454399
SLU-02,DPD-03,6.256584599,36.3833333333,-24.6476383209
SLU-02,EL-01,0.691585923,4.38333333333,-24.5179901123
SLU-02,EL-03,1.318549262,9.56666666667,-24.4611825943
SLU-02,EL-05,2.340704557,15.0166666667,-24.0682563782
SLU-02,FH-01,1.93246381,19.4666666667,-24.0313816071
SLU-02,FH-04,2.530844083,23.05,-24.0029573441
SLU-02,ID-04,2.518416663,23.2333333333,-23.9632606506
SLU-02,PS-05,2.33014125,20.55,-23.871465683
SLU-02,PS-04,2.227615035,19.6666666667,-23.734161377
SLU-02,SLU-01,1.092370218,9.65,-23.7011222839
SLU-02,CBD-05,1.941784375,16.8,-23.6436061859
SLU-02,CD-01,3.017377576,24.8666666667,-23.5308952332
SLU-02,CBD-04,1.542242822,14.0333333333,-23.3960838318
SLU-04,BT-01,1.129652478,12.2,-23.3881168365
SLU-04,BT-03,1.135866188,11.4166666667,-23.1883163452
SLU-04,BT-04,0.821452462,7.23333333333,-23.1216154099
SLU-04,BT-05,1.179983529,12.3333333333,-23.0608739853
SLU-04,CBD-13,1.196760546,12.0,-22.929977417
SLU-04,CBD-03,1.129031107,11.25,-22.924949646
SLU-04,CBD-07,1.973474296,19.7333333333,-22.9186639786
SLU-04,CBD-06,1.540378709,13.8666666667,-22.9145774841
SLU-04,CH-01,1.525465805,16.5,-22.8628635406
SLU-04,CH-02,1.638555327,17.65,-22.7686424255
SLU-04,CH-03,1.377579507,14.35,-22.656452179
SLU-04,CH-05,2.245634794,23.8333333333,-22.6509408951
SLU-04,CH-06,1.908230341,20.4166666667,-22.5630197525
SLU-04,CH-07,1.918793648,22.2333333333,-22.5175800323
SLU-04,CH-08,1.636069843,18.3833333333,-22.4604387283
SLU-04,CH-09,1.455250882,16.6833333333,-22.4416007996
SLU-04,CH-12,1.234664177,13.8,-22.2453804016
SLU-04,CH-15,1.678323071,19.15,-22.1927156448
SLU-04,DPD-01,0.147886298,1.56666666667,-22.1283531189
SLU-04,DPD-03,6.773565271,39.4166666667,-22.0095331669
SLU-04,EL-01,0.533757689,4.11666666667,-21.8949213028
SLU-04,EL-03,1.138973043,8.6,-21.880279541
SLU-04,EL-05,2.161749709,14.05,-21.8207302094
SLU-04,FH-01,1.700692427,18.4333333333,-21.7387008667
SLU-04,FH-04,2.104583577,21.2,-21.4366960526
SLU-04,ID-04,2.287266651,22.2166666667,-21.4245452881
SLU-04,PS-05,2.098991238,19.5333333333,-21.3969306946
SLU-04,PS-04,1.996465023,18.6333333333,-21.2804756165
SLU-04,SLU-01,0.590923821,4.76666666667,-21.2726287842
SLU-04,SLU-02,0.507660107,5.03333333333,-21.1071014404
SLU-04,CBD-05,1.710012992,15.7833333333,-21.0768623352
SLU-04,CD-01,2.59111707,23.0166666667,-21.0397109985
SLU-04,CBD-04,1.310471439,13.0166666667,-21.0030059814
SLU-07,BT-01,0.984251664,9.83333333333,-20.9495735168
SLU-07,BT-03,0.989222632,9.18333333333,-20.6522121429
SLU-07,BT-04,0.35418147,3.18333333333,-20.582113266
SLU-07,BT-05,0.569797207,8.35,-20.4686813354
SLU-07,CBD-13,0.779199234,8.68333333333,-20.3103923798
SLU-07,CBD-03,0.661138744,7.21666666667,-20.2381868362
SLU-07,CBD-07,1.556534355,16.4166666667,-20.1868362427
SLU-07,CBD-06,1.123438768,10.5333333333,-20.182302475
SLU-07,CH-01,1.058816184,12.4,-20.1774454117
SLU-07,CH-02,1.513038385,17.0333333333,-20.1170496941
SLU-07,CH-03,1.390006927,15.2166666667,-19.9778900146
SLU-07,CH-05,1.778985173,19.7333333333,-19.9547481537
SLU-07,CH-06,1.440959349,16.3,-19.938583374
SLU-07,CH-07,1.452144027,18.1333333333,-19.9097223282
SLU-07,CH-08,1.168798851,14.2833333333,-19.8521671295
SLU-07,CH-09,0.988601261,12.5666666667,-19.3638763428
SLU-07,CH-12,0.767393185,9.7,-19.1537027359
SLU-07,CH-15,1.828073482,18.9833333333,-19.1250152588
SLU-07,DPD-01,0.444280265,3.05,-19.0983963013
SLU-07,DPD-03,7.069959238,40.9,-19.0082321167
SLU-07,EL-01,0.930813758,6.7,-18.9974822998
SLU-07,EL-03,1.557155726,11.8833333333,-18.9779815674
SLU-07,EL-05,2.579932392,17.35,-18.9227809906
SLU-07,FH-01,1.200488772,14.9333333333,-18.9091949463
SLU-07,FH-04,1.637933956,17.1,-18.9056510925
SLU-07,ID-04,1.869705339,18.8833333333,-18.6500205994
SLU-07,PS-05,1.681429926,16.2166666667,-18.590927124
SLU-07,PS-04,1.578903711,15.3166666667,-18.3192062378
SLU-07,SLU-01,0.654925034,6.06666666667,-18.0575373173
SLU-07,SLU-02,0.804054074,6.51666666667,-18.0397949219
SLU-07,SLU-04,0.441794781,3.45,-18.0365753174
SLU-07,CBD-05,1.29245168,12.45,-17.9716510773
SLU-07,CD-01,2.123846078,18.9,-17.9635620117
SLU-07,CBD-04,0.843200447,8.96666666667,-17.8718490601
SLU-15,BT-01,0.87613311,7.58333333333,-17.8609809875
SLU-15,BT-03,0.881725449,6.93333333333,-17.7004013062
SLU-15,BT-04,0.244198803,1.5,-17.6299152374
SLU-15,BT-05,0.462300024,6.45,-17.5691738129
SLU-15,CBD-13,0.300122193,4.18333333333,-17.4136238098
SLU-15,CBD-03,0.431231474,5.16666666667,-17.3439085484
SLU-15,CBD-07,1.076835943,11.9166666667,-17.1883850098
SLU-15,CBD-06,0.643740356,6.03333333333,-17.1685218811
SLU-15,CH-01,0.986737148,10.7,-17.1598472595
SLU-15,CH-02,1.440959349,15.3333333333,-17.1367797852
SLU-15,CH-03,1.150779092,12.1333333333,-16.9607543945
SLU-15,CH-05,1.706906137,18.0333333333,-16.9192583561
SLU-15,CH-06,1.368880313,14.6,-16.90001297
SLU-15,CH-07,1.380064991,16.4333333333,-16.8475265503
SLU-15,CH-08,1.097341186,12.5833333333,-16.8333120346
SLU-15,CH-09,0.916522225,10.8666666667,-16.7121295929
SLU-15,CH-12,0.69593552,8.0,-16.6870155334
SLU-15,CH-15,1.755994446,17.2833333333,-16.6833992004
SLU-15,DPD-01,0.879861336,4.98333333333,-16.6226577759
SLU-15,DPD-03,7.50616168,42.8333333333,-16.2904472351
SLU-15,EL-01,1.100448041,7.58333333333,-16.2900180817
SLU-15,EL-03,1.706284766,12.0666666667,-16.1650538445
SLU-15,EL-05,2.728440061,17.5333333333,-15.998500824
SLU-15,FH-01,1.002892794,12.35,-15.9865875244
SLU-15,FH-04,1.56585492,15.4,-15.879907608
SLU-15,ID-04,1.390006927,14.3833333333,-15.8450565338
SLU-15,PS-05,1.201731514,11.7166666667,-15.6387290955
SLU-15,PS-04,1.099205299,10.8166666667,-15.5779876709
SLU-15,SLU-01,0.699042375,5.7,-15.4514250755
SLU-15,SLU-02,1.108525864,7.43333333333,-15.3868312836
SLU-15,SLU-04,0.877997223,5.4,-15.1332571507
SLU-15,SLU-07,0.52816535,3.0,-15.1306304932
SLU-15,CBD-05,0.813374639,7.95,-15.0267748833
SLU-15,CD-01,2.052388413,17.2,-14.847278595
SLU-15,CBD-04,0.374686713,4.1,-14.8343544006
SLU-17,BT-01,1.232178693,12.8666666667,-14.5751800537
SLU-17,BT-03,1.581389195,14.3666666667,-14.4396858215
SLU-17,BT-04,1.122196026,9.76666666667,-14.3504333496
SLU-17,BT-05,1.480727093,14.8833333333,-14.2069892883
SLU-17,CBD-13,1.496882739,14.55,-14.0590553284
SLU-17,CBD-03,1.4291533,13.8,-13.949883461
SLU-17,CBD-07,2.27421786,22.2833333333,-13.9478149414
SLU-17,SLU-16,1.258276275,13.2166666667,-13.8887214661
SLU-17,CBD-06,1.841122273,16.4,-13.6821603775
SLU-17,CH-01,1.825587998,19.05,-13.6344051361
SLU-17,CH-02,2.28043157,23.6833333333,-13.6008300781
SLU-17,CH-03,1.370744426,15.9833333333,-13.2407736778
SLU-17,CH-05,2.546378358,26.3833333333,-13.2165260315
SLU-17,CH-06,2.208352534,22.95,-13.1761798859
SLU-17,CH-07,2.219537212,24.7833333333,-13.1064646244
SLU-17,CH-08,1.936192036,20.9333333333,-13.1038379669
SLU-17,CH-09,1.755373075,19.2166666667,-13.018989563
SLU-17,CH-12,1.53478637,16.35,-12.9261407852
SLU-17,CH-15,2.595466667,25.6333333333,-12.9207763672
SLU-17,DPD-01,0.29825808,3.55,-12.881316185
SLU-17,DPD-03,6.650533813,37.1666666667,-12.7699203491
SLU-17,EL-01,0.216237108,1.03333333333,-12.7504196167
SLU-17,EL-03,0.847550044,6.93333333333,-12.7350196838
SLU-17,EL-05,1.87032671,12.4,-12.6896781921
SLU-17,FH-01,2.00081462,20.9833333333,-12.6591074467
SLU-17,FH-04,2.405327141,23.75,-12.616809845
SLU-17,ID-04,2.587388844,24.75,-12.4625511169
SLU-17,PS-05,2.399113431,22.0833333333,-12.4576416016
SLU-17,PS-04,2.296587216,21.1833333333,-12.3380222321
SLU-17,SLU-01,0.740052861,7.05,-12.1676874161
SLU-17,SLU-02,0.403269779,4.08333333333,-12.0782470703
SLU-17,SLU-04,0.445523007,4.96666666667,-12.0465049744
SLU-17,SLU-07,0.741916974,6.85,-11.9929275513
SLU-17,SLU-15,1.201110143,10.6666666667,-11.7430372238
SLU-17,CBD-05,2.010756556,18.3166666667,-11.6192779541
SLU-17,CD-01,2.891239263,25.55,-11.6144373417
SLU-17,CBD-04,1.611215003,15.55,-11.4482917786
SLU-18,BT-01,0.730110925,7.48333333333,-11.3416118622
SLU-18,BT-03,0.736324635,6.7,-11.3178367615
SLU-18,BT-04,0.420668167,2.58333333333,-11.2139811516
SLU-18,BT-05,0.780441976,7.61666666667,-11.1143798828
SLU-18,CBD-13,0.796597622,7.28333333333,-10.9176368713
SLU-18,CBD-03,0.704634714,6.41666666667,-10.8931865692
SLU-18,CBD-07,1.573932743,15.0166666667,-10.8668022156
SLU-18,SLU-16,0.681022616,6.75,-10.7666239738
SLU-18,CBD-06,1.140837156,9.15,-10.7415008545
SLU-18,CH-01,1.248334339,12.5833333333,-10.6679213047
SLU-18,CH-02,1.70255654,17.2166666667,-10.6584625244
SLU-18,CH-03,1.579525082,15.4166666667,-10.3950958252
SLU-18,CH-05,1.969124699,19.9166666667,-10.3648452759
SLU-18,CH-06,1.631098875,16.5,-10.2355651855
SLU-18,CH-07,1.642283553,18.3166666667,-10.1795578003
SLU-18,CH-08,1.358938377,14.4666666667,-10.0745391846
SLU-18,CH-09,1.178119416,12.7666666667,-9.99788761139
SLU-18,CH-12,0.957532711,9.9,-9.95703601837
SLU-18,CH-15,2.018213008,19.1833333333,-9.88228988647
SLU-18,DPD-01,0.543699625,3.08333333333,-9.75902557373
SLU-18,DPD-03,7.169378598,40.9333333333,-9.73748016357
SLU-18,EL-01,1.030233118,6.75,-9.73016452789
SLU-18,EL-03,1.656575086,11.9166666667,-9.72195386887
SLU-18,EL-05,2.679351752,17.3833333333,-9.69828414917
SLU-18,FH-01,1.276296034,13.6,-9.65335083008
SLU-18,FH-04,1.827452111,17.2833333333,-9.35042572021
SLU-18,ID-04,1.887103727,17.5,-9.28425884247
SLU-18,PS-05,1.698828314,14.8166666667,-9.27970123291
SLU-18,PS-04,1.596302099,13.9166666667,-9.2670211792
SLU-18,SLU-01,0.892288756,6.16666666667,-9.23961281776
SLU-18,SLU-02,0.728246812,5.3,-9.08339238167
SLU-18,SLU-04,0.541214141,3.5,-9.00784683228
SLU-18,SLU-07,0.192003639,1.1,-8.97414493561
SLU-18,SLU-15,0.475970186,3.28333333333,-8.96878051758
SLU-18,SLU-17,0.841336334,5.66666666667,-8.90306854248
SLU-18,CBD-05,1.310471439,11.0666666667,-8.85960865021
SLU-18,CD-01,2.313985604,19.1,-8.83465576172
SLU-18,CBD-04,0.886075046,8.16666666667,-8.77543783188
SLU-19,BT-01,0.439309297,4.01666666667,-8.76773071289
SLU-19,BT-03,0.630070194,4.88333333333,-8.74125289917
SLU-19,BT-04,1.216023047,8.51666666667,-8.59188556671
SLU-19,BT-05,0.906580289,7.41666666667,-8.57548141479
SLU-19,CBD-13,1.201731514,9.68333333333,-8.54196929932
SLU-19,CBD-03,1.651604118,13.7666666667,-8.51055526733
SLU-19,CBD-07,1.978445264,17.4166666667,-8.3832244873
SLU-19,SLU-16,1.54721379,12.8,-8.36908340454
SLU-19,CBD-06,1.545349677,11.5333333333,-8.32737278938
SLU-19,CH-01,2.114525513,18.6333333333,-8.26545333862
SLU-19,CH-02,2.568747714,23.2666666667,-8.05964970589
SLU-19,CH-03,2.446337627,21.45,-7.99155807495
SLU-19,CH-05,2.835315873,25.9666666667,-7.93024349213
SLU-19,CH-06,2.497290049,22.55,-7.91460418701
SLU-19,CH-07,2.508474727,24.3666666667,-7.83586597443
SLU-19,CH-08,2.225129551,20.5166666667,-7.51767349243
SLU-19,CH-09,2.04431059,18.8166666667,-7.50820922852
SLU-19,CH-12,1.823723885,15.9333333333,-7.38961601257
SLU-19,CH-15,2.884404182,25.2166666667,-7.37345123291
SLU-19,DPD-01,0.90720166,5.25,-7.34712934494
SLU-19,DPD-03,7.49994797,43.1333333333,-7.2017288208
SLU-19,EL-01,1.36080249,8.98333333333,-7.19090890884
SLU-19,EL-03,1.987144458,14.15,-7.07360744476
SLU-19,EL-05,3.009921124,19.6166666667,-7.0177230835
SLU-19,FH-01,2.223265438,20.8333333333,-6.95890045166
SLU-19,FH-04,2.694264656,23.3333333333,-6.92219543457
SLU-19,ID-04,2.291616248,19.8833333333,-6.87627601624
SLU-19,PS-05,2.103340835,17.2166666667,-6.74608612061
SLU-19,PS-04,2.00081462,16.3166666667,-6.67598724365
SLU-19,SLU-01,1.636069843,11.8166666667,-6.51713109016
SLU-19,SLU-02,0.989844003,6.41666666667,-6.44812774658
SLU-19,SLU-04,1.055087958,6.68333333333,-6.44309997559
SLU-19,SLU-07,1.002271423,7.35,-6.43733215332
SLU-19,SLU-15,1.294937164,9.41666666667,-6.43488931656
SLU-19,SLU-17,1.172527077,7.88333333333,-6.25133705139
SLU-19,SLU-18,0.891046014,6.48333333333,-6.16716623306
SLU-19,CBD-05,1.71498396,13.45,-6.1060256958
SLU-19,CD-01,2.622806991,25.2,-6.04986476898
SLU-19,CBD-04,1.481969835,13.7833333333,-6.04364776611
UD-01,BT-01,6.603309617,41.4,-6.03321075439
UD-01,BT-03,6.952520119,42.9,-5.81894302368
UD-01,BT-04,6.606416472,39.9333333333,-5.75820159912
UD-01,BT-05,7.229030214,45.4333333333,-5.72947120667
UD-01,CBD-13,7.433461273,45.95,-5.71951508522
UD-01,CBD-03,6.913995117,43.9666666667,-5.67195510864
UD-01,CBD-07,6.049046685,43.9166666667,-5.39842987061
UD-01,SLU-16,5.49291964,37.0666666667,-5.37233352661
UD-01,CBD-06,7.777079436,47.8,-5.32251763344
UD-01,CH-01,4.880247834,34.5333333333,-5.3048210144
UD-01,CH-02,4.491269588,31.45,-5.17622113228
UD-01,CH-03,4.603116368,32.2166666667,-5.09027481079
UD-01,CH-05,4.294294981,31.3,-5.04681491852
UD-01,CH-06,4.86533493,33.9166666667,-4.95107269287
UD-01,CH-07,4.594417174,32.7666666667,-4.84101128578
UD-01,CH-08,5.012599857,33.8833333333,-4.79751205444
UD-01,CH-09,4.996444211,34.2333333333,-4.77909183502
UD-01,CH-12,5.249342208,35.4333333333,-4.69289016724
UD-01,CH-15,4.490026846,32.5166666667,-4.68480110168
UD-01,DPD-01,6.234215243,34.95,-4.66562461853
UD-01,DPD-03,1.010349246,7.3,-4.62525177002
UD-01,EL-01,4.491269588,25.4833333333,-4.62464761734
UD-01,EL-03,3.895374799,22.3166666667,-4.46533584595
UD-01,EL-05,2.586767473,15.5,-4.43048477173
UD-01,FH-01,5.637699083,39.1666666667,-4.39860153198
UD-01,FH-04,5.515288996,37.5333333333,-4.36514663696
UD-01,ID-04,6.695272525,43.1166666667,-4.26015090942
UD-01,PS-05,6.591503568,46.5666666667,-4.07484054565
UD-01,PS-04,6.508861225,45.3833333333,-4.06552505493
UD-01,SLU-01,5.072872844,32.0333333333,-4.06339168549
UD-01,SLU-02,5.553192627,31.7,-4.02307224274
UD-01,SLU-04,6.382101541,36.3833333333,-3.97225952148
UD-01,SLU-07,6.678495508,38.25,-3.95199584961
UD-01,SLU-15,6.685330589,40.8333333333,-3.91709518433
UD-01,SLU-17,6.261555567,32.6,-3.90717124939
UD-01,SLU-18,6.281439439,37.9,-3.84907913208
UD-01,SLU-19,6.51818179,39.3,-3.8270316124
UD-01,CBD-05,7.946713719,49.7166666667,-3.81279373169
UD-01,CD-01,6.001822489,39.35,-3.79823303223
UD-01,SLU-20,5.345654713,34.7333333333,-3.53594970703
UD-01,CBD-04,5.980074504,40.9166666667,-3.52009773254
UD-01,SLU-21,6.270254761,34.0666666667,-3.51881980896
UD-02,BT-01,5.31893576,34.1166666667,-3.45673370361
UD-02,BT-03,5.667524891,35.6166666667,-3.43336868286
UD-02,BT-04,4.152622393,26.0666666667,-3.43003416061
UD-02,BT-05,4.51115346,31.1666666667,-3.28935241699
UD-02,CBD-13,4.242721188,30.3166666667,-3.28373765945
UD-02,CBD-03,4.173127636,29.6,-3.1511516571
UD-02,CBD-07,4.564591366,35.8333333333,-3.07772445679
UD-02,SLU-16,3.954405044,28.55,-2.99139404297
UD-02,CBD-06,4.586339351,32.1833333333,-2.97463607788
UD-02,CH-01,3.395792515,26.45,-2.94852781296
UD-02,CH-02,3.006814269,23.3666666667,-2.92428016663
UD-02,CH-03,3.118661049,24.1333333333,-2.80600357056
UD-02,CH-05,3.347325577,26.4666666667,-2.74121856689
UD-02,CH-06,3.380879611,25.8333333333,-2.73115539551
UD-02,CH-07,3.770479228,28.8166666667,-2.68056106567
UD-02,CH-08,3.528144538,25.8166666667,-2.68047714233
UD-02,CH-09,3.511988892,26.1666666667,-2.5422706604
UD-02,CH-12,3.764265518,27.3666666667,-2.47414970398
UD-02,CH-15,3.005571527,24.4333333333,-2.4385433197
UD-02,DPD-01,3.328684447,19.8333333333,-2.28299331665
UD-02,DPD-03,2.904288054,15.95,-2.22225189209
UD-02,EL-01,2.843393696,15.75,-1.99118614197
UD-02,EL-03,2.247498907,12.5666666667,-1.82287597656
UD-02,EL-05,0.938891581,5.75,-1.80611801147
UD-02,FH-01,4.153243764,31.0833333333,-1.78600120544
UD-02,FH-04,4.030833677,29.45,-1.75000762939
UD-02,ID-04,5.210817206,35.0333333333,-1.74934768677
UD-02,PS-05,5.144330509,37.85,-1.68926620483
UD-02,PS-04,5.042425665,36.95,-1.67611980438
UD-02,SLU-01,3.424996952,22.2833333333,-1.49202728271
UD-02,SLU-02,4.268197399,24.4166666667,-1.49017333984
UD-02,SLU-04,3.354782029,19.7,-1.37375259399
UD-02,SLU-07,3.772964712,23.15,-1.34090995789
UD-02,SLU-15,3.945084479,26.1333333333,-1.19461345673
UD-02,SLU-17,3.059630804,16.8166666667,-1.17996311188
UD-02,SLU-18,3.881704637,24.2333333333,-1.13827896118
UD-02,SLU-19,5.233186562,32.0166666667,-1.02374267578
UD-02,UD-01,1.950483569,8.9,-0.946516036987
UD-02,CBD-05,4.755973634,34.1,-0.912240028381
UD-02,CD-01,4.51736717,31.2666666667,-0.878503799438
UD-02,SLU-20,3.697778821,24.9833333333,-0.852874755859
UD-02,CBD-04,4.355189339,31.3666666667,-0.797616004944
UD-02,SLU-21,3.300101381,18.7166666667,-0.776172637939
UD-04,BT-01,4.934307111,32.85,-0.713628768921
UD-04,BT-03,5.282896242,34.35,-0.543293952942
UD-04,BT-04,3.905938106,25.25,-0.481506347656
UD-04,BT-05,4.264469173,30.3666666667,-0.48070526123
UD-04,CBD-13,3.99541553,29.5166666667,-0.447357177734
UD-04,CBD-03,3.926443349,28.8,-0.43236541748
UD-04,CBD-07,4.317285708,35.0333333333,-0.396997451782
UD-04,SLU-16,3.707099386,27.75,-0.355644226074
UD-04,CBD-06,4.339033693,31.3666666667,-0.267723083496
UD-04,CH-01,3.148486857,25.65,-0.156220436096
UD-04,CH-02,2.759508611,22.5666666667,-0.14629650116
UD-04,CH-03,2.871355391,23.3333333333,0.0607414245606
UD-04,CH-05,3.10064129,25.6666666667,0.10258102417
UD-04,CH-06,3.133573953,25.0333333333,0.259174346924
UD-04,CH-07,3.52317357,28.0166666667,0.27172088623
UD-04,CH-08,3.28083888,25.0,0.335209846497
UD-04,CH-09,3.264683234,25.35,0.372169494629
UD-04,CH-12,3.517581231,26.55,0.424650192261
UD-04,CH-15,2.758265869,23.6333333333,0.458225250244
UD-04,DPD-01,3.08200016,19.0333333333,0.483348846436
UD-04,DPD-03,2.871355391,16.3,0.627365112305
UD-04,EL-01,2.596088038,14.9333333333,0.729946136475
UD-04,EL-03,2.000193249,11.7666666667,0.756019592285
UD-04,EL-05,0.691585923,4.95,0.874443054199
UD-04,FH-01,3.905938106,30.2833333333,1.04467010498
UD-04,FH-04,3.783528019,28.65,1.06182098389
UD-04,ID-04,4.963511548,34.2333333333,1.16851806641
UD-04,PS-05,4.897646222,37.05,1.25952148438
UD-04,PS-04,4.795120007,36.15,1.30680847168
UD-04,SLU-01,3.177691294,21.4833333333,1.42830848694
UD-04,SLU-02,3.884190121,23.15,1.54251861572
UD-04,SLU-04,3.107476371,18.9,1.58452892303
UD-04,SLU-07,3.525659054,22.3333333333,1.65061569214
UD-04,SLU-15,3.697778821,25.3166666667,1.81024169922
UD-04,SLU-17,2.812325146,16.0,1.89248347282
UD-04,SLU-18,3.634398979,23.4166666667,2.02679252625
UD-04,SLU-19,4.848557913,30.75,2.08298110962
UD-04,UD-01,1.917550906,9.25,2.13396453857
UD-04,UD-02,0.23612098,2.18333333333,2.21065139771
UD-04,CBD-05,4.508667976,33.2833333333,2.2774887085
UD-04,CD-01,4.270061512,30.45,2.32483291626
UD-04,SLU-20,3.450473163,24.1833333333,2.33957672119
UD-04,CBD-04,4.107883681,30.5666666667,2.34013462067
UD-04,SLU-21,3.053417094,17.9,2.34054851532
UD-07,BT-01,5.736497072,36.5833333333,2.37482452393
UD-07,BT-03,6.085707574,38.0833333333,2.38557434082
UD-07,BT-04,4.382529663,27.75,2.53104496002
UD-07,BT-05,4.74106073,32.8666666667,2.5662612915
UD-07,CBD-13,4.472628458,32.0,2.56632995605
UD-07,CBD-03,4.403034906,31.2833333333,2.60785770416
UD-07,CBD-07,4.794498636,37.5166666667,2.60827159882
UD-07,SLU-16,4.184312314,30.2333333333,2.72016143799
UD-07,CBD-06,4.816246621,33.8666666667,2.7224817276
UD-07,CH-01,3.625699785,28.15,2.73713207245
UD-07,CH-02,3.236100168,25.0666666667,2.88342857361
UD-07,CH-03,3.348568319,25.8166666667,2.95219802856
UD-07,CH-05,3.577232847,28.1666666667,3.00485515594
UD-07,CH-06,3.61016551,27.5333333333,3.01293945312
UD-07,CH-07,3.999765127,30.5166666667,3.2186384201
UD-07,CH-08,3.758051808,27.5,3.2360534668
UD-07,CH-09,3.741896162,27.85,3.28706455231
UD-07,CH-12,3.994172788,29.05,3.33930969238
UD-07,CH-15,3.234857426,26.1166666667,3.36387729645
UD-07,DPD-01,3.558591717,21.5333333333,3.41949462891
UD-07,DPD-03,2.163613822,13.5333333333,3.4863615036
UD-07,EL-01,3.073300966,17.4333333333,3.5547876358
UD-07,EL-03,2.477406177,14.2666666667,3.56107330322
UD-07,EL-05,1.168798851,7.43333333333,3.575715065
UD-07,FH-01,4.382529663,32.7833333333,3.76087474823
UD-07,FH-04,4.260740947,31.1333333333,3.86685180664
UD-07,ID-04,5.440724476,36.7333333333,3.9167175293
UD-07,PS-05,5.374237779,39.5333333333,3.94008255005
UD-07,PS-04,5.271711564,38.65,4.01929855347
UD-07,SLU-01,3.654282851,23.9666666667,4.15079021454
UD-07,SLU-02,4.686380082,26.8666666667,4.21033477783
UD-07,SLU-04,3.584689299,21.3833333333,4.23744392395
UD-07,SLU-07,4.002871982,24.8333333333,4.24238109589
UD-07,SLU-15,4.174991749,27.8166666667,4.33173465729
UD-07,SLU-17,3.289538074,18.5,4.33724594116
UD-07,SLU-18,4.111611907,25.9166666667,4.46950912476
UD-07,SLU-19,5.651369245,34.4833333333,4.53829574585
UD-07,UD-01,1.196760546,6.45,4.54303741455
UD-07,UD-02,0.428124619,2.5,4.59945774078
UD-07,UD-04,0.477212928,2.48333333333,4.70220565796
UD-07,CBD-05,4.985880904,35.7833333333,4.79547119141
UD-07,CD-01,4.746653069,32.95,4.93996810913
UD-07,SLU-20,3.92706472,26.6666666667,4.94840621948
UD-07,CBD-04,4.584475238,33.05,5.0707321167
UD-07,SLU-21,3.530008651,20.4,5.09730625153
UW-01,BT-01,5.973860794,37.1833333333,5.10860061646
UW-01,BT-03,6.322449925,38.6833333333,5.21168899536
UW-01,BT-04,4.800712346,29.2666666667,5.34540367126
UW-01,BT-05,6.59896002,41.2166666667,5.49170017242
UW-01,CBD-13,4.89018977,33.5333333333,5.56733322144
UW-01,CBD-03,4.821217589,32.8166666667,5.64405441284
UW-01,CBD-07,5.397228506,39.6,5.66991424561
UW-01,SLU-16,4.841101461,32.75,5.71155548096
UW-01,CBD-06,5.234429304,35.3833333333,5.82691001892
UW-01,CH-01,4.228429655,30.2166666667,5.89364433289
UW-01,CH-02,3.838830038,27.1333333333,5.89492225647
UW-01,CH-03,3.951298189,27.9,5.99969863892
UW-01,CH-05,3.642476802,26.9833333333,6.10227966309
UW-01,CH-06,4.21289538,29.6,6.14197635651
UW-01,CH-07,3.942598995,28.45,6.22756195068
UW-01,CH-08,4.360781678,29.5666666667,6.24155044556
UW-01,CH-09,4.344626032,29.9166666667,6.28830337524
UW-01,CH-12,4.596902658,31.1166666667,6.29191970825
UW-01,CH-15,3.837587296,28.2,6.29238510132
UW-01,DPD-01,3.9767744,23.05,6.30229187012
UW-01,DPD-03,1.92003639,11.2,6.43821620941
UW-01,EL-01,3.490862278,18.95,6.47819519043
UW-01,EL-03,2.89558886,15.7833333333,6.58933353424
UW-01,EL-05,1.586360163,8.96666666667,6.77342605591
UW-01,FH-01,4.985259533,34.85,6.80588436127
UW-01,FH-04,4.863470817,33.2166666667,6.93147659302
UW-01,ID-04,6.043454346,38.8,6.93959236145
UW-01,PS-05,5.939685389,42.25,7.01780700684
UW-01,PS-04,5.856421675,41.0666666667,7.07846450806
UW-01,SLU-01,4.072465534,25.5,7.08530807495
UW-01,SLU-02,4.923743804,27.4833333333,7.33658981323
UW-01,SLU-04,4.002250611,22.9166666667,7.38694953918
UW-01,SLU-07,4.421054665,26.35,7.46090316772
UW-01,SLU-15,4.592553061,29.3333333333,7.47603225708
UW-01,SLU-17,3.707099386,20.0166666667,7.48288631439
UW-01,SLU-18,4.529173219,27.4333333333,7.67964553833
UW-01,SLU-19,5.888732967,35.0833333333,7.78394699097
UW-01,UD-01,0.966231905,4.15,7.81809616089
UW-01,UD-02,0.766771814,4.16666666667,7.88837814331
UW-01,UD-04,0.917143596,4.11666666667,7.8921661377
UW-01,UD-07,0.776092379,4.63333333333,7.92136383057
UW-01,CBD-05,5.403442216,37.3,7.95290756226
UW-01,CD-01,5.349382939,35.0333333333,7.98401641846
UW-01,SLU-20,4.345247403,28.2,8.10429573059
UW-01,CBD-04,5.328256325,36.6,8.18053817749
UW-01,SLU-21,3.948191334,21.9333333333,8.18632507324
UW-02,BT-01,5.45563738,36.45,8.26051616669
UW-02,BT-03,5.804847882,37.95,8.32453155518
UW-02,BT-04,4.387500631,29.4333333333,8.38527297974
UW-02,BT-05,4.746031698,34.55,8.39211654663
UW-02,CBD-13,4.476978055,33.7,8.49029159546
UW-02,CBD-03,4.408005874,32.9833333333,8.6131362915
UW-02,CBD-07,5.603523678,41.55,8.61612606049
UW-02,SLU-16,5.047396633,34.7,8.64455032349
UW-02,CBD-06,4.821217589,35.55,8.81792449951
UW-02,CH-01,4.434724827,32.1666666667,9.01653575897
UW-02,CH-02,4.04512521,29.0833333333,9.16828918457
UW-02,CH-03,4.157593361,29.85,9.20392036438
UW-02,CH-05,3.848771974,28.9333333333,9.24050140381
UW-02,CH-06,4.419190552,31.55,9.41374206543
UW-02,CH-07,4.148894167,30.4,9.62857055664
UW-02,CH-08,4.566455479,31.5166666667,9.64217376709
UW-02,CH-09,4.550299833,31.8666666667,9.65163803101
UW-02,CH-12,4.80319783,33.0666666667,9.67071151733
UW-02,CH-15,4.043882468,30.15,9.81073951721
UW-02,DPD-01,3.563562685,23.2166666667,10.0092010498
UW-02,DPD-03,2.117010997,13.1833333333,10.1414642334
UW-02,EL-01,3.078271934,19.1166666667,10.2402992249
UW-02,EL-03,2.482377145,15.95,10.261505127
UW-02,EL-05,1.173769819,9.13333333333,10.2922458649
UW-02,FH-01,5.191554705,36.8,10.4021272659
UW-02,FH-04,5.069765989,35.1666666667,10.4674263
UW-02,ID-04,6.249749518,40.75,10.715171814
UW-02,PS-05,6.145980561,44.2,10.8267774582
UW-02,PS-04,6.062716847,43.0166666667,10.9275436401
UW-02,SLU-01,3.659253819,25.65,10.9539279938
UW-02,SLU-02,4.40552039,26.7333333333,11.1418113708
UW-02,SLU-04,3.589038896,23.0833333333,11.1889801025
UW-02,SLU-07,4.00784295,26.5166666667,11.1997432709
UW-02,SLU-15,4.179341346,29.5,11.378578186
UW-02,SLU-17,3.293887671,20.1833333333,11.4009857178
UW-02,SLU-18,4.115961504,27.6,11.4145717621
UW-02,SLU-19,5.370509553,34.35,11.5404062271
UW-02,UD-01,1.162585141,6.15,11.5967407227
UW-02,UD-02,0.244820174,3.38333333333,11.6243934631
UW-02,UD-04,0.481562525,4.15,12.0213909149
UW-02,UD-07,0.608322209,4.56666666667,12.3908729553
UW-02,UW-01,0.37903631,2.91666666667,12.5028972626
UW-02,CBD-05,4.990230501,37.4666666667,12.5298538208
UW-02,CD-01,5.555678111,36.9666666667,12.5651321411
UW-02,SLU-20,3.932035688,28.3666666667,12.7293624878
UW-02,CBD-04,4.589446206,34.7333333333,12.9926605225
UW-02,SLU-21,3.534979619,22.0833333333,13.0547485352
UW-04,BT-01,5.218273658,33.9666666667,13.0850067139
UW-04,BT-03,5.566862789,35.45,13.1645793915
UW-04,BT-04,4.133359892,26.3833333333,13.187587738
UW-04,BT-05,5.843372884,38.0,13.1924972534
UW-04,CBD-13,4.222837316,30.6333333333,13.27876091
UW-04,CBD-03,4.153865135,29.9333333333,13.3060264587
UW-04,CBD-07,4.545328865,36.15,13.4413642883
UW-04,SLU-16,3.935142543,28.8666666667,13.7034111023
UW-04,CBD-06,4.56707685,32.5,13.9061260223
UW-04,CH-01,3.376530014,26.7833333333,14.0808105469
UW-04,CH-02,2.986930397,23.7,14.1804695129
UW-04,CH-03,3.099398548,24.45,14.2137489319
UW-04,CH-05,3.328063076,26.8,14.2195358276
UW-04,CH-06,3.360995739,26.1666666667,14.3307762146
UW-04,CH-07,3.782285277,28.8166666667,14.4250335693
UW-04,CH-08,3.508260666,26.1333333333,14.4787101746
UW-04,CH-09,3.49210502,26.4833333333,14.6128349304
UW-04,CH-12,3.745003017,27.6833333333,14.6777610779
UW-04,CH-15,2.985687655,24.7666666667,14.933391571
UW-04,DPD-01,3.309421946,20.1666666667,14.9369354248
UW-04,DPD-03,2.686808204,15.1,15.1913719177
UW-04,EL-01,2.824131195,16.0666666667,15.3322372437
UW-04,EL-03,2.228236406,12.9,15.3822669983
UW-04,EL-05,0.91962908,6.06666666667,15.4098396301
UW-04,FH-01,4.133359892,31.4166666667,15.4705810547
UW-04,FH-04,4.011571176,29.7833333333,15.4894123077
UW-04,ID-04,5.191554705,35.3666666667,15.4924020767
UW-04,PS-05,5.125068008,38.1666666667,15.8097419739
UW-04,PS-04,5.022541793,37.2833333333,16.0689163208
UW-04,SLU-01,3.40511308,22.6,16.11677742
UW-04,SLU-02,4.167535297,24.25,16.4818496704
UW-04,SLU-04,3.334898157,20.0166666667,16.549621582
UW-04,SLU-07,3.753702211,23.4666666667,16.6626167297
UW-04,SLU-15,3.925821978,26.45,16.7560195923
UW-04,SLU-17,3.040368303,17.1333333333,16.9217910767
UW-04,SLU-18,3.861820765,24.55,17.1551055908
UW-04,SLU-19,5.13252446,31.8666666667,17.1591873169
UW-04,UD-01,1.733003719,8.06666666667,17.1954784393
UW-04,UD-02,0.284587918,2.31666666667,17.2196960449
UW-04,UD-04,0.250412513,1.23333333333,17.2199287415
UW-04,UD-07,0.70214923,6.36666666667,17.2580223083
UW-04,UW-01,0.708984311,4.98333333333,17.308216095
UW-04,UW-02,0.372201229,5.5,17.4644365311
UW-04,CBD-05,4.736711133,34.4166666667,17.516204834
UW-04,CD-01,4.497483298,31.5833333333,17.5590896606
UW-04,SLU-20,3.677894949,25.3,17.6201286316
UW-04,CBD-04,4.335305467,31.6833333333,17.6263122559
UW-04,SLU-21,3.28083888,19.0333333333,18.062828064
UW-06,BT-01,5.562513192,35.7333333333,18.1324653625
UW-06,BT-03,5.911102323,37.2333333333,18.1435699463
UW-06,BT-04,5.564998676,34.2666666667,18.2204561234
UW-06,BT-05,6.187612418,39.7666666667,18.3963012695
UW-06,CBD-13,4.625485724,33.0,18.4119644165
UW-06,CBD-03,4.721798229,33.7333333333,18.4881792068
UW-06,CBD-07,4.985880904,38.15,18.56483078
UW-06,SLU-16,4.429753859,31.2833333333,18.8390007019
UW-06,CBD-06,4.969725258,34.85,18.8460941315
UW-06,CH-01,3.817082053,28.7666666667,19.0582237244
UW-06,CH-02,3.427482436,25.6833333333,19.2144441605
UW-06,CH-03,3.539950587,26.45,19.2707443237
UW-06,CH-05,3.2311292,25.5333333333,19.278459549
UW-06,CH-06,3.801547778,28.15,19.3223495483
UW-06,CH-07,3.531251393,27.0,19.406129837
UW-06,CH-08,3.948812705,28.1166666667,19.4971847534
UW-06,CH-09,3.932657059,28.4666666667,19.635597229
UW-06,CH-12,4.185555056,29.6666666667,19.7031097412
UW-06,CH-15,3.426239694,26.75,19.9704637527
UW-06,DPD-01,5.193418818,29.2833333333,20.0306978226
UW-06,DPD-03,2.236314229,12.65,20.2792510986
UW-06,EL-01,3.226779603,18.4166666667,20.5590057373
UW-06,EL-03,2.630884814,15.25,20.7599563599
UW-06,EL-05,1.321656117,8.43333333333,20.8283138275
UW-06,FH-01,4.573911931,33.4,20.8623657227
UW-06,FH-04,4.452123215,31.7666666667,21.0567455292
UW-06,ID-04,5.632106744,37.35,21.1321258545
UW-06,PS-05,5.528337787,40.8,21.2253112793
UW-06,PS-04,5.445074073,39.6166666667,21.3716077805
UW-06,SLU-01,3.807761488,24.9666666667,21.3758850098
UW-06,SLU-02,4.511774831,26.0166666667,21.3830566406
UW-06,SLU-04,3.737546565,22.3833333333,21.4329223633
UW-06,SLU-07,5.637077712,32.5833333333,21.4891109467
UW-06,SLU-15,4.327849015,28.8,21.5392770767
UW-06,SLU-17,5.220759142,26.9333333333,21.6981430054
UW-06,SLU-18,5.240021643,32.2333333333,21.706817627
UW-06,SLU-19,5.476763994,33.6333333333,21.7199640274
UW-06,UD-01,1.282509744,5.6,21.780705452
UW-06,UD-02,0.687236326,4.66666666667,22.0104217529
UW-06,UD-04,0.653060921,3.58333333333,22.1021270752
UW-06,UD-07,1.005378278,6.75,22.166642189
UW-06,UW-01,0.411347602,3.03333333333,22.2090950012
UW-06,UW-02,0.608322209,5.41666666667,22.295296669
UW-06,UW-04,0.439309297,2.6,22.3344497681
UW-06,CBD-05,5.13873817,36.7666666667,22.4000740051
UW-06,CD-01,4.938035337,33.5666666667,22.5783214569
UW-06,SLU-20,4.080543357,27.6666666667,22.5828323364
UW-06,CBD-04,4.916908723,35.1333333333,22.7557182312
UW-06,SLU-21,3.683487288,21.3833333333,22.8082580566
UW-07,BT-01,5.732768846,37.6166666667,22.8582992554
UW-07,BT-03,6.081979348,39.1166666667,22.9226617813
UW-07,BT-04,5.735875701,36.15,22.9550018311
UW-07,BT-05,6.358489443,41.65,22.9753189087
UW-07,CBD-13,6.562920502,42.1666666667,23.0278167725
UW-07,CBD-03,6.042832975,40.1833333333,23.0835380554
UW-07,CBD-07,5.178505914,40.1333333333,23.1903848648
UW-07,SLU-16,4.622378869,33.2666666667,23.2706451416
UW-07,CBD-06,6.906538665,44.0166666667,23.4474906921
UW-07,CH-01,4.009707063,30.75,23.4568252563
UW-07,CH-02,3.620728817,27.6666666667,23.5159034729
UW-07,CH-03,3.732575597,28.4333333333,23.7513504028
UW-07,CH-05,3.42375421,27.5166666667,24.1055383682
UW-07,CH-06,3.994172788,30.1333333333,24.1235198975
UW-07,CH-07,3.723876403,28.9833333333,24.5755653381
UW-07,CH-08,4.142059086,30.1,24.6119384766
UW-07,CH-09,4.12590344,30.45,24.6443977356
UW-07,CH-12,4.378180066,31.65,24.6605987549
UW-07,CH-15,3.618864704,28.7333333333,24.7329034805
UW-07,DPD-01,5.363674472,31.1666666667,24.9031543732
UW-07,DPD-03,2.10023398,12.6166666667,25.0805511475
UW-07,EL-01,3.620728817,21.7,25.141292572
UW-07,EL-03,3.024834028,18.5333333333,25.2997741699
UW-07,EL-05,1.716226702,11.7166666667,25.300151825
UW-07,FH-01,4.766536941,35.3833333333,25.4464483261
UW-07,FH-04,4.644748225,33.75,25.455994606
UW-07,ID-04,5.824731754,39.3333333333,25.4972724915
UW-07,PS-05,5.720962797,42.7666666667,25.5305194855
UW-07,PS-04,5.637699083,41.6,25.5394134521
UW-07,SLU-01,4.201710702,28.2333333333,25.650138855
UW-07,SLU-02,4.682651856,27.9,25.7816581726
UW-07,SLU-04,5.51156077,32.5833333333,25.9275169373
UW-07,SLU-07,5.807954737,34.4666666667,25.9512062073
UW-07,SLU-15,5.814789818,37.05,26.0737380981
UW-07,SLU-17,5.391014796,28.8166666667,26.0738134384
UW-07,SLU-18,5.410898668,34.1166666667,26.0759468079
UW-07,SLU-19,5.647641019,35.5166666667,26.2120141983
UW-07,UD-01,1.146429495,5.58333333333,26.3637676239
UW-07,UD-02,1.079942798,7.91666666667,26.4090232849
UW-07,UD-04,1.004756907,6.48333333333,26.7273788452
UW-07,UD-07,1.49750411,11.9666666667,26.7884178162
UW-07,UW-01,0.763043588,6.6,26.8040809631
UW-07,UW-02,0.960018195,8.98333333333,26.8305587769
UW-07,UW-04,0.862462948,5.96666666667,26.9503898621
UW-07,UW-06,0.548670593,4.35,26.9881868362
UW-07,CBD-05,7.076172948,45.9333333333,27.1066102982
UW-07,CD-01,5.130660347,35.55,27.2107276917
UW-07,SLU-20,4.474492571,30.95,27.2381515503
UW-07,CBD-04,5.109533733,37.1166666667,27.3827552795
UW-07,SLU-21,5.39971399,30.2666666667,27.3994865417
UW-10,BT-01,5.270468822,35.5666666667,27.4812011719
UW-10,BT-03,5.619679324,37.0666666667,27.5389757156
UW-10,BT-04,5.273575677,34.1,27.5802536011
UW-10,BT-05,5.896189419,39.6,27.6914329529
UW-10,CBD-13,6.100620478,40.1166666667,27.8626298904
UW-10,CBD-03,4.566455479,33.3666666667,28.0222558975
UW-10,CBD-07,4.829916783,37.7833333333,28.0636024475
UW-10,SLU-16,4.273789738,30.9333333333,28.1131153107
UW-10,CBD-06,6.444238641,41.9666666667,28.1303529739
UW-10,CH-01,3.661117932,28.4,28.2949953079
UW-10,CH-02,3.272139686,25.3166666667,28.5377655029
UW-10,CH-03,3.383986466,26.0833333333,28.5744190216
UW-10,CH-05,3.075165079,25.1666666667,28.7984285355
UW-10,CH-06,3.646205028,27.7833333333,28.8198719025
UW-10,CH-07,3.375908643,26.6333333333,29.0610275269
UW-10,CH-08,3.793469955,27.75,29.2168693542
UW-10,CH-09,3.777314309,28.1,29.3631658554
UW-10,CH-12,4.030212306,29.3,29.5960445404
UW-10,CH-15,3.270896944,26.3833333333,29.6728715897
UW-10,DPD-01,4.901374448,29.1166666667,29.6983757019
UW-10,DPD-03,2.782499338,16.65,29.9930419922
UW-10,EL-01,3.130467098,19.4,30.1052370071
UW-10,EL-03,2.534572309,16.2333333333,30.2123565674
UW-10,EL-05,1.225964983,9.41666666667,30.2295455933
UW-10,FH-01,4.418569181,33.0333333333,30.2884521484
UW-10,FH-04,4.296159094,31.4,30.3237667084
UW-10,ID-04,5.476142623,36.9833333333,30.4704875946
UW-10,PS-05,5.372373666,40.4333333333,30.4745483398
UW-10,PS-04,5.289731323,39.25,30.6012115479
UW-10,SLU-01,3.712070354,25.9333333333,30.6440963745
UW-10,SLU-02,4.220351832,25.85,30.7466773987
UW-10,SLU-04,5.049260746,30.5333333333,30.7691574097
UW-10,SLU-07,5.345654713,32.4166666667,30.8674850464
UW-10,SLU-15,5.352489794,35.0,30.9028530121
UW-10,SLU-17,4.928714772,26.7666666667,31.0137815475
UW-10,SLU-18,4.948598644,32.0666666667,31.1413269043
UW-10,SLU-19,5.185340995,33.4666666667,31.2273826599
UW-10,UD-01,1.828694853,9.61666666667,31.2998504639
UW-10,UD-02,0.65243955,6.13333333333,31.348991394
UW-10,UD-04,0.556748416,4.56666666667,31.3688545227
UW-10,UD-07,1.070000862,10.1833333333,31.446146965
UW-10,UW-01,1.115360945,8.61666666667,31.4969711304
UW-10,UW-02,0.856870609,9.56666666667,31.5995521545
UW-10,UW-04,0.443037523,4.21666666667,31.7813568115
UW-10,UW-06,0.787277057,6.11666666667,32.0932388306
UW-10,UW-07,0.957532711,5.83333333333,32.3505592346
UW-10,CBD-05,6.613872924,43.8833333333,32.5519332886
UW-10,CD-01,4.782692587,33.2,32.6475076675
UW-10,SLU-20,3.984852223,28.65,32.9689292908
UW-10,CBD-04,4.761565973,34.7666666667,33.0296707153
UW-10,SLU-21,4.937413966,28.2166666667,33.5103759766
WF-01,BT-01,0.400162924,7.93333333333,33.5234298706
WF-01,BT-03,0.399541553,7.75,33.769317627
WF-01,BT-04,0.853142383,10.6166666667,33.8218040466
WF-01,BT-05,0.60894358,8.0,33.8825454712
WF-01,CBD-13,0.891046014,10.3166666667,34.1696281433
WF-01,CBD-03,1.340918618,14.4,34.4680633545
WF-01,CBD-07,1.633584359,15.15,34.6242837906
WF-01,SLU-16,1.487562174,16.1333333333,34.7189369202
WF-01,CBD-06,1.173148448,10.6833333333,35.3208503723
WF-01,CH-01,2.054873897,21.9666666667,35.3803033829
WF-01,CH-02,2.509096098,26.6166666667,35.571811676
WF-01,CH-03,2.386686011,24.8,35.6480264664
WF-01,CH-05,2.775664257,29.3166666667,35.8009185791
WF-01,CH-06,2.437638433,25.8833333333,36.0344791412
WF-01,CH-07,2.448823111,27.7166666667,36.0468063354
WF-01,CH-08,2.165477935,23.85,36.2174110413
WF-01,CH-09,1.984658974,22.15,36.3736314774
WF-01,CH-12,1.764072269,19.2833333333,36.4591293335
WF-01,CH-15,2.824752566,28.5666666667,37.1086273193
WF-01,DPD-01,1.305500471,11.9166666667,37.1296510696
WF-01,DPD-03,10.70622233,60.0333333333,37.1905450821
WF-01,EL-01,1.792655335,15.5833333333,37.2473526001
WF-01,EL-03,2.624671104,23.1166666667,37.7055778503
WF-01,EL-05,3.64744777,28.5666666667,37.9796524048
WF-01,FH-01,1.842365015,20.8333333333,37.988161087
WF-01,FH-04,2.666302961,24.5666666667,38.2451305389
WF-01,ID-04,1.831801708,15.4333333333,38.3851585388
WF-01,PS-05,1.643526295,12.75,38.53145504
WF-01,PS-04,1.44779443,10.8333333333,38.5955810547
WF-01,SLU-01,1.618050084,16.75,38.8666648865
WF-01,SLU-02,2.008892443,16.4333333333,38.9398927689
WF-01,SLU-04,1.303636358,12.2833333333,39.257232666
WF-01,SLU-07,0.956289969,10.3333333333,39.7375087738
WF-01,SLU-15,1.160099657,13.6166666667,39.7379379272
WF-01,SLU-17,1.603758551,14.5,39.8025283813
WF-01,SLU-18,1.002271423,11.4666666667,39.9607620239
WF-01,SLU-19,1.018427069,10.0166666667,39.988571167
WF-01,UD-01,9.752417845,52.9833333333,40.1101074219
WF-01,UD-02,8.467422617,48.5166666667,40.1345062256
WF-01,UD-04,8.12753268,45.8833333333,40.2571411133
WF-01,UD-07,8.8856053,52.5666666667,40.2719230652
WF-01,UW-01,9.122969022,52.5166666667,40.6160125732
WF-01,UW-02,8.744554083,52.7666666667,40.9710464478
WF-01,UW-04,8.366760515,47.6833333333,41.3189620972
WF-01,UW-06,8.711000049,49.4833333333,41.7639503479
WF-01,UW-07,8.881877074,49.2,41.8316345215
WF-01,UW-10,8.41957705,46.9166666667,42.0800170898
WF-01,CBD-05,1.227829096,9.83333333333,42.2382507324
WF-01,CD-01,2.163613822,20.6,43.1418380737
WF-01,SLU-20,1.442823462,15.3833333333,43.2092285156
WF-01,CBD-04,1.495639997,14.9,43.2485351562
WF-01,SLU-21,1.34837507,12.95,43.7589950562
WF-04,BT-01,1.1184678,11.4166666667,43.9228572845
WF-04,BT-03,1.152021834,10.4333333333,44.0308227539
WF-04,BT-04,1.401812976,13.2333333333,44.0621032715
WF-04,BT-05,1.014698843,9.58333333333,44.1387748718
WF-04,CBD-13,0.763664959,9.66666666667,44.2949953079
WF-04,CBD-03,1.071864975,10.9833333333,44.3103561401
WF-04,CBD-07,0.886696417,9.58333333333,44.3475074768
WF-04,SLU-16,1.218508531,12.7166666667,44.7757320404
WF-04,CBD-06,0.419425425,4.95,44.9111289978
WF-04,CH-01,1.785820254,18.55,45.0510149002
WF-04,CH-02,2.240663826,23.1833333333,45.2003822327
WF-04,CH-03,2.117632368,21.3666666667,45.3187379837
WF-04,CH-05,2.506610614,25.8833333333,46.0364837646
WF-04,CH-06,2.16858479,22.4666666667,46.1335086823
WF-04,CH-07,2.179769468,24.2833333333,46.2161331177
WF-04,CH-08,1.896424292,20.4333333333,46.5424194336
WF-04,CH-09,1.715605331,18.7333333333,46.7619781494
WF-04,CH-12,1.495018626,15.85,46.8612565994
WF-04,CH-15,2.555698923,25.15,46.9863834381
WF-04,DPD-01,2.037475509,16.7333333333,47.1886177063
WF-04,DPD-03,8.663775853,54.5833333333,47.6588726044
WF-04,EL-01,2.258062214,19.3166666667,47.9888534546
WF-04,EL-03,2.853957003,22.35,48.0558700562
WF-04,EL-05,4.004114724,29.7333333333,48.1603012085
WF-04,FH-01,1.088641992,15.0833333333,48.2021665573
WF-04,FH-04,1.919415019,19.0,48.2411575317
WF-04,ID-04,1.084913766,9.86666666667,48.2504386902
WF-04,PS-05,0.896638353,7.18333333333,48.4470787048
WF-04,PS-04,0.700906488,5.25,48.5373764038
WF-04,SLU-01,1.856656548,17.4333333333,49.0131759644
WF-04,SLU-02,2.266140037,19.1666666667,49.1015548706
WF-04,SLU-04,2.035611396,17.15,49.6523284912
WF-04,SLU-07,1.685779523,14.7333333333,50.0640335083
WF-04,SLU-15,1.157614173,11.7333333333,50.2663421631
WF-04,SLU-17,2.335733589,19.3,50.5052032471
WF-04,SLU-18,1.408026686,13.05,50.7245674133
WF-04,SLU-19,1.736110574,13.5,50.7300720215
WF-04,UD-01,7.709971368,47.5333333333,50.9723129272
WF-04,UD-02,6.42497614,43.0666666667,51.2325515747
WF-04,UD-04,6.085086203,40.4166666667,51.328163147
WF-04,UD-07,5.104562765,40.1833333333,51.7863883972
WF-04,UW-01,7.079901174,47.0666666667,52.0271530151
WF-04,UW-02,6.702107606,47.3,52.1833734512
WF-04,UW-04,6.324314038,42.2333333333,52.7951889038
WF-04,UW-06,6.668553572,44.0333333333,52.880027771
WF-04,UW-07,6.839430597,43.75,52.9393930435
WF-04,UW-10,6.377130573,41.45,53.00756073
WF-04,WF-01,0.817102865,4.86666666667,53.020614624
WF-04,CBD-05,0.480941154,4.26666666667,53.0362482071
WF-04,CD-01,1.41672588,15.0166666667,53.207116127
WF-04,SLU-20,1.470785157,14.4166666667,53.3118896484
WF-04,CBD-04,0.741916974,9.16666666667,53.7922677994
WF-04,SLU-21,2.080350108,17.7666666667,53.9637069702
CBD-05,BT-01,1.503096449,14.1666666667,54.0599908829
CBD-05,BT-03,1.194896433,10.1666666667,54.0693817139
CBD-05,BT-04,1.153264576,11.3333333333,54.7496347427
CBD-05,BT-05,1.135866188,10.9666666667,55.134765625
CBD-05,CBD-03,0.823316575,9.08333333333,55.1452026367
CBD-05,CBD-04,0.493368574,7.25,55.1726341248
CD-01,BT-01,2.810461033,20.8666666667,55.230340004
CD-01,BT-03,2.816053372,20.2166666667,55.5472507477
CD-01,BT-04,2.217051728,15.4833333333,55.6025094986
CD-01,BT-05,2.396006576,19.7333333333,55.9442481995
CD-01,CBD-13,2.085321076,15.5333333333,56.0905447006
CD-01,CBD-03,1.351481925,12.9,56.3032836914
CD-01,CBD-07,1.06254441,8.75,56.4001255035
CD-01,CBD-06,1.424182332,12.2666666667,56.4257545471
CD-01,CBD-05,1.468921044,10.6166666667,56.7971229553
CD-01,CBD-04,1.403677089,13.1,56.9434194565
SLU-20,BT-01,1.121574655,8.73333333333,56.9576339722
SLU-20,BT-03,1.127166994,8.08333333333,57.278629303
SLU-20,BT-04,0.491504461,2.65,57.9037895203
SLU-20,BT-05,0.707120198,7.6,58.2503585815
SLU-20,CBD-13,0.544942367,5.33333333333,58.3812561035
SLU-20,CBD-03,0.475970186,4.61666666667,58.7085838318
SLU-20,CBD-07,1.321656117,13.0666666667,59.2351226807
SLU-20,SLU-16,0.256626223,3.56666666667,59.3555374146
SLU-20,CBD-06,0.88856053,7.2,59.4579467773
SLU-20,CH-01,0.824559317,9.4,60.2433662415
SLU-20,CH-02,1.278781518,14.0333333333,60.2969436646
SLU-20,CH-03,1.15575006,12.2333333333,60.9815139771
SLU-20,CH-05,1.544728306,16.7333333333,60.9915771484
SLU-20,CH-06,1.206702482,13.3166666667,61.1784133911
SLU-20,CH-07,1.21788716,15.1333333333,61.4397392273
SLU-20,CH-08,0.934541984,11.2833333333,61.7085351944
SLU-20,CH-09,0.754344394,9.58333333333,62.3469314575
SLU-20,CH-12,0.533136318,6.71666666667,62.5915908813
SLU-20,CH-15,1.593816615,16.0,63.2561798096
SLU-20,DPD-01,0.879239965,4.93333333333,63.3210906982
SLU-20,DPD-03,7.505540309,42.7833333333,63.7227325439
SLU-20,EL-01,0.861220206,5.21666666667,63.7793159485
SLU-20,EL-03,1.46643556,9.68333333333,64.2489395142
SLU-20,EL-05,2.489212226,15.15,64.4144668579
SLU-20,FH-01,0.966231905,11.9333333333,65.3872184753
SLU-20,FH-04,1.403677089,14.1,65.5829849243
SLU-20,ID-04,1.635448472,15.55,66.0623092651
SLU-20,PS-05,1.447173059,12.8666666667,66.2870140076
SLU-20,PS-04,1.344646844,11.9666666667,67.2191390991
SLU-20,SLU-01,0.45981454,3.31666666667,69.3647384644
SLU-20,SLU-02,1.230935951,8.0,69.5230674744
SLU-20,SLU-04,0.595273418,2.91666666667,69.5702362061
SLU-20,SLU-07,0.527543979,2.93333333333,69.8229637146
SLU-20,SLU-15,0.247305658,1.13333333333,69.9502944946
SLU-20,SLU-17,1.039553683,6.26666666667,72.1059570312
SLU-20,SLU-18,0.528786721,2.91666666667,72.2898712158
SLU-20,SLU-19,1.66527428,12.3,72.4500360489
SLU-20,CBD-05,1.058194813,9.11666666667,72.6007919312
SLU-20,CD-01,1.889589211,15.9166666667,73.0590171814
SLU-20,CBD-04,0.657410518,6.38333333333,73.0668640137
CBD-04,BT-01,1.024640779,8.28333333333,73.7805709839
CBD-04,BT-03,1.030233118,7.63333333333,74.7275247574
CBD-04,BT-04,0.674808906,5.43333333333,75.342010498
CBD-04,BT-05,0.610807693,7.16666666667,75.6034469604
CBD-04,CBD-03,0.345482276,3.16666666667,75.7893457413
SLU-21,BT-01,0.972445615,9.75,76.0075683594
SLU-21,BT-03,1.321034746,11.2333333333,76.2418670654
SLU-21,BT-04,0.97555247,7.98333333333,76.5869617462
SLU-21,BT-05,1.597544841,13.7833333333,76.7719650269
SLU-21,CBD-13,1.350239183,12.75,76.983959198
SLU-21,CBD-03,1.282509744,12.0166666667,77.3801460266
SLU-21,CBD-07,2.120117852,21.3166666667,78.3335189819
SLU-21,SLU-16,1.104176267,12.25,79.8058013916
SLU-21,CBD-06,1.687022265,15.45,80.2179031372
SLU-21,CH-01,1.67148799,18.0833333333,80.7120475769
SLU-21,CH-02,2.125710191,22.7333333333,81.5695724487
SLU-21,CH-03,1.667759764,18.4,82.0407791138
SLU-21,CH-05,2.39227835,25.4333333333,82.7115411758
SLU-21,CH-06,2.054252526,22.0,83.2092971802
SLU-21,CH-07,2.065437204,23.8333333333,83.7897720337
SLU-21,CH-08,1.782092028,19.9666666667,84.0161361694
SLU-21,CH-09,1.601273067,18.2666666667,84.2479972839
SLU-21,CH-12,1.380686362,15.4,85.0597915649
SLU-21,CH-15,2.441366659,24.6833333333,85.4426965714
SLU-21,DPD-01,0.144158072,2.6,85.839012146
SLU-21,DPD-03,6.615115666,37.3166666667,86.5309906006
SLU-21,EL-01,0.475348815,3.13333333333,87.0075302124
SLU-21,EL-03,1.102312154,8.31666666667,87.1493797302
SLU-21,EL-05,2.124467449,13.7666666667,87.7822732925
SLU-21,FH-01,1.854171064,19.2,88.5798892975
SLU-21,FH-04,2.251227133,22.8,88.9768867493
SLU-21,ID-04,2.433288836,23.8,90.227104187
SLU-21,PS-05,2.245013423,21.1166666667,90.6853294373
SLU-21,PS-04,2.142487208,20.2333333333,90.9476127625
SLU-21,SLU-01,0.881104078,8.81666666667,92.7585525513
SLU-21,SLU-02,0.356045583,2.31666666667,92.9683227539
SLU-21,SLU-04,0.291422999,4.01666666667,93.8259210587
SLU-21,SLU-07,0.587816966,5.9,94.0253372192
SLU-21,SLU-15,1.054466587,8.88333333333,94.4835624695
SLU-21,SLU-17,0.287073402,2.05,96.7665557861
SLU-21,SLU-18,0.650575437,5.95,97.0619745255
SLU-21,SLU-19,0.887317788,7.65,99.1958847046
SLU-21,CBD-05,1.856035177,17.3666666667,102.994117737
SLU-21,CD-01,2.737139255,24.6,108.250954628
SLU-21,SLU-20,1.092991589,10.4,114.688286781
SLU-21,CBD-04,1.463950076,13.7666666667,118.486519814
